time_s,theta_rad,omega_rad_s
0.0,0.7853981633974483,0.0
0.01001001001001001,0.7850506529389962,-0.0694285675672435
0.02002002002002002,0.7840083890011477,-0.13880885061518172
0.03003003003003003,0.7822722754955074,-0.20809259986176615
0.04004004004004004,0.7798434356705092,-0.2772316029897451
0.050050050050050046,0.776723448509627,-0.34617726430796103
0.06006006006006006,0.7729144165467108,-0.41488055915714245
0.07007007007007007,0.7684189658659866,-0.4832920339099036
0.08008008008008008,0.7632402461020571,-0.5513618059707449
0.09009009009009009,0.7573819304399009,-0.6190395637760522
0.10010010010010009,0.7508482156148728,-0.6862745667940979
0.11011011011011011,0.7436438219127042,-0.7530156455250396
0.12012012012012012,0.7357739931695023,-0.8192112015009216
0.13013013013013014,0.7272444967717508,-0.8848092072856732
0.14014014014014015,0.7180616236563097,-0.9497572064751103
0.15015015015015015,0.7082321883104148,-1.0140023136969343
0.16016016016016016,0.6977635292759201,-1.0774912264338952
0.17017017017017017,0.6866647179276061,-1.1401973973756268
0.18018018018018017,0.6749449568448646,-1.2020802472892607
0.19019019019019018,0.6626127631159493,-1.2630695939500387
0.20020020020020018,0.6496772428158604,-1.323096637293529
0.21021021021021022,0.6361480910063435,-1.3820939594156276
0.22022022022022023,0.622035591735891,-1.4399955245725555
0.23023023023023023,0.6073506180397408,-1.4967366791808618
0.24024024024024024,0.5921046319398771,-1.5522541518174218
0.2502502502502503,0.5763096844450298,-1.6064860532194383
0.2602602602602603,0.5599784155506755,-1.6593718762844394
0.2702702702702703,0.5431240542390363,-1.7108524960702818
0.2802802802802803,0.5257604184790804,-1.760870169795147
0.2902902902902903,0.5079019152265222,-1.8093685368375452
0.3003003003003003,0.4895635404238221,-1.8562926187363122
0.3103103103103103,0.4707608790001865,-1.9015888191906112
0.3203203203203203,0.45151010487156795,-1.9452049240599314
0.3303303303303303,0.4318279809406649,-1.9870901013640894
0.34034034034034033,0.41173185909692195,-2.027194901283228
0.35035035035035034,0.3912396802165298,-2.0654712561578177
0.36036036036036034,0.3703699741624249,-2.1018724804886553
0.37037037037037035,0.34914185978429024,-2.1363532709368633
0.38038038038038036,0.32757504491855427,-2.1688697063238926
0.39039039039039036,0.30568982638839204,-2.19937924763152
0.40040040040040037,0.2835070900037242,-2.2278407380018503
0.41041041041041043,0.26104831056121763,-2.254214402737313
0.42042042042042044,0.2383355518442855,-2.2784618493006654
0.43043043043043044,0.21539146662308672,-2.300546067314992
0.44044044044044045,0.1922392966545261,-2.3204314285637038
0.45045045045045046,0.168902872682255,-2.3380836869905375
0.46046046046046046,0.14540661443667025,-2.3534699786995588
0.47047047047047047,0.12177553063491531,-2.3665588219551577
0.4804804804804805,0.09802795284701574,-2.377341768841586
0.4904904904904905,0.07417996903100108,-2.385824132402352
0.5005005005005005,0.05025681482653306,-2.391989190486646
0.5105105105105106,0.02628347899229863,-2.395823642785227
0.5205205205205206,0.0022846602109372616,-2.3973177338755813
0.5305305305305306,-0.0217152329109587,-2.396465253221928
0.5405405405405406,-0.04569208184284396,-2.3932635351752127
0.5505505505505506,-0.06962205813022032,-2.3877134589731135
0.5605605605605606,-0.09348162339463689,-2.379819448740036
0.5705705705705706,-0.11724752933368968,-2.3695894734871175
0.5805805805805806,-0.14089681772102203,-2.3570350471122223
0.5905905905905906,-0.16440682040632437,-2.3421712283999474
0.6006006006006006,-0.1877551593153342,-2.3250166210216165
0.6106106106106106,-0.21091974644983624,-2.305593373535286
0.6206206206206206,-0.23387878388766226,-2.2839271793857394
0.6306306306306306,-0.2566107637826912,-2.260047276904491
0.6406406406406406,-0.2790944683648493,-2.233986449309785
0.6506506506506506,-0.30130896994010964,-2.205781024706595
0.6606606606606606,-0.32323363089049256,-2.1754708760866235
0.6706706706706707,-0.3448481036740657,-2.143099421328304
0.6806806806806807,-0.3661323308249438,-2.1087136231967993
0.6906906906906907,-0.3870665449532883,-2.072363989344001
0.7007007007007007,-0.4076312687453084,-2.034104572308531
0.7107107107107107,-0.4278073149632601,-1.9939929695157415
0.7207207207207207,-0.4475757864454465,-1.952090323277713
0.7307307307307307,-0.46691807610621794,-1.908461320793257
0.7407407407407407,-0.485815866935972,-1.8631741941479136
0.7507507507507507,-0.5042511320011531,-1.8163007203139532
0.7607607607607607,-0.5222061344442532,-1.767916221150376
0.7707707707707707,-0.539663427483811,-1.7180995634029115
0.7807807807807807,-0.5566084738268838,-1.666917850772432
0.7907907907907907,-0.5730378311349277,-1.6143692946847537
0.8008008008008007,-0.5889385512488781,-1.560498991641686
0.8108108108108109,-0.6042966769689291,-1.5053607669103526
0.8208208208208209,-0.6190988653489886,-1.4490084195724804
0.8308308308308309,-0.6333323876966797,-1.3914957225243978
0.8408408408408409,-0.6469851295733396,-1.3328764224770346
0.8508508508508509,-0.6600455907940206,-1.2732042399559245
0.8608608608608609,-0.6725028854274888,-1.2125328693012016
0.8708708708708709,-0.6843467417962252,-1.1509159786676038
0.8808808808808809,-0.6955675024764254,-1.0884072100244695
0.8908908908908909,-0.7061561242979992,-1.0250601791557412
0.9009009009009009,-0.7161041783445716,-0.9609284756599622
0.9109109109109109,-0.7254038499534812,-0.8960656629502785
0.9209209209209209,-0.7340479387157819,-0.830525278254438
0.9309309309309309,-0.7420298584762417,-0.7643608326147912
0.9409409409409409,-0.7493436373333433,-0.6976258108882905
0.950950950950951,-0.7559839176392839,-0.630373671746491
0.960960960960961,-0.7619459559999752,-0.562657847675549
0.970970970970971,-0.7672256232750434,-0.49453174497622365
0.980980980980981,-0.7718194045778295,-0.42604874376387647
0.990990990990991,-0.7757243992753884,-0.3572621979684709
1.001001001001001,-0.7789383209884904,-0.2882254353345719
1.011011011011011,-0.7814594975916194,-0.21899175742134802
1.021021021021021,-0.7832868712129746,-0.1496144396025696
1.031031031031031,-0.7844199982344693,-0.08014673106660841
1.0410410410410411,-0.7848590492917316,-0.010641854816438645
1.0510510510510511,-0.7846048092741038,0.058846992330362946
1.0610610610610611,-0.7836586773246429,0.12826663974161723
1.0710710710710711,-0.7820226668401206,0.19756394297054336
1.0810810810810811,-0.7797000149518117,0.2666970864842703
1.0910910910910911,-0.7766952025929359,0.33566423317252525
1.1011011011011012,-0.7730087835930639,0.40441728421547163
1.1111111111111112,-0.7686415079132071,0.4729016207355593
1.1211211211211212,-0.7635947864742362,0.5410625870069077
1.1311311311311312,-0.7578706911568815,0.6088454904553058
1.1411411411411412,-0.7514719548017328,0.6761956016582118
1.1511511511511512,-0.7444019712092395,0.7430581543447538
1.1611611611611612,-0.7366647951397104,0.809378345395729
1.1711711711711712,-0.7282651423133137,0.8751013348436042
1.1811811811811812,-0.7192083894100777,0.9401722458725157
1.1911911911911912,-0.7095005740698894,1.0045361648182696
1.2012012012012012,-0.699148394892496,1.0681381411683404
1.2112112112112112,-0.6881592114375039,1.130923187561874
1.2212212212212212,-0.676541044224379,1.1928362797896837
1.2312312312312312,-0.6643025747324468,1.2538223567942532
1.2412412412412412,-0.6514531454008924,1.3138263206697363
1.2512512512512513,-0.6380027596287602,1.3727930366619556
1.2612612612612613,-0.6239620817749544,1.430667333168403
1.2712712712712713,-0.6093424371582385,1.48739400173824
1.2812812812812813,-0.5941558120572357,1.5429177970722983
1.2912912912912913,-0.5784148537104283,1.5971834370230782
1.3013013013013013,-0.5621328703161588,1.6501356025947498
1.3113113113113113,-0.5453238310326287,1.7017189379431525
1.3213213213213213,-0.5280023659778992,1.7518780503757954
1.3313313313313313,-0.5101837662298911,1.8005575103518574
1.3413413413413413,-0.4918839838263843,1.8477018514821864
1.3513513513513513,-0.4731196317650189,1.8932555705292997
1.3613613613613613,-0.453907984003294,1.937163127407384
1.3713713713713713,-0.4342669754585684,1.9793689451822971
1.3813813813813813,-0.4142152020080604,2.019817410071563
1.3913913913913913,-0.3937719204888476,2.0584528714443793
1.4014014014014013,-0.3729570486978679,2.0952196418216094
1.4114114114114114,-0.3517911653919174,2.130061996875788
1.4214214214214214,-0.3302955102876531,2.162924175431119
1.4314314314314314,-0.30848683938198085,2.1937729808743045
1.4414414414414414,-0.2863763970154586,2.222602669517848
1.4514514514514514,-0.2639863902598505,2.2493633436924165
1.4614614614614614,-0.2413394408464675,2.2740074147881564
1.4714714714714714,-0.21845819405450517,2.296491320923645
1.4814814814814814,-0.19536531871104382,2.3167755269458894
1.4914914914914914,-0.1720835071910483,2.334824524430327
1.5015015015015014,-0.14863547541736818,2.3506068316808255
1.5115115115115114,-0.12504396286073766,2.364094993729682
1.5215215215215214,-0.10133173253977554,2.375265582337624
1.5315315315315314,-0.07752157102098531,2.38409919599381
1.5415415415415414,-0.053636288418755174,2.3905804599158276
1.5515515515515514,-0.029698718395357815,2.394698026049695
1.5615615615615615,-0.0057317181609507495,2.3964445730698603
1.5715715715715715,0.018241831526424113,2.395816806379202
1.5815815815815815,0.042199026360839664,2.392815458109028
1.5915915915915915,0.06611693848848493,2.3874452871190783
1.6016016016016015,0.08997261650766375,2.37971507899752
1.6116116116116117,0.11374308546879597,2.3696376460609527
1.6216216216216217,0.13740534687441525,2.3572298273544052
1.6316316316316317,0.160936378679172,2.3425124886513373
1.6416416416416417,0.18431313528983184,2.3255105224536377
1.6516516516516517,0.20751254756527537,2.3062528479916256
1.6616616616616617,0.23051152281649878,2.2847724112240506
1.6716716716716717,0.2532869448066133,2.2611061848380927
1.6816816816816818,0.2758156737508458,2.2352951682493614
1.6916916916916918,0.29807454631653874,2.2073843876018966
1.7017017017017018,0.32004037562314935,2.177422895768168
1.7117117117117118,0.3416899512422503,2.145463772349077
1.7217217217217218,0.36300091409754104,2.111561638836193
1.7317317317317318,0.3839633025281543,2.075737985263916
1.7417417417417418,0.40456079582781773,2.038031473132273
1.7517517517517518,0.4247738266801337,1.9984918723547211
1.7617617617617618,0.44458344822078727,1.957169520816663
1.7717717717717718,0.4639713340375467,1.9141153243754492
1.7817817817817818,0.4829197781702631,1.8693807568603764
1.7917917917917918,0.5014116951108705,1.8230178600726885
1.8018018018018018,0.5194306198033861,1.7750792437855765
1.8118118118118118,0.5369607076439099,1.7256180857441776
1.8218218218218218,0.5539867344806249,1.6746881316655764
1.8318318318318318,0.570494096613797,1.6223436952388042
1.8418418418418419,0.5864688107957754,1.5686396581248387
1.8518518518518519,0.6018975142309918,1.5136314699566056
1.8618618618618619,0.6167674645759611,1.4573751483389765
1.8718718718718719,0.6310665399392813,1.3999272788487696
1.8818818818818819,0.6447832388816332,1.3413450150347512
1.8918918918918919,0.6579066804157804,1.2816860784176334
1.901901901901902,0.6704266040065698,1.221008758490075
1.911911911911912,0.6823333695709315,1.1593719127166828
1.921921921921922,0.6936179574778776,1.0968349665340096
1.931931931931932,0.7042719685485039,1.033457913350555
1.941941941941942,0.7142876240559894,0.9693013145467653
1.951951951951952,0.7236577657255956,0.904426299475035
1.961961961961962,0.7323758557346669,0.8388945654597038
1.971971971971972,0.740435976712631,0.7727683777970591
1.981981981981982,0.7478328317409983,0.7061105697553347
1.991991991991992,0.7545617443533625,0.6389845425747123
2.002002002002002,0.7606186585353998,0.5714542654673171
2.012012012012012,0.7660028599569357,0.503566245667387
2.022022022022022,0.7707160963463718,0.435332982915356
2.032032032032032,0.7747531453682119,0.36679758963032894
2.042042042042042,0.7781091377690187,0.2980051376497911
2.052052052052052,0.7807798401461045,0.22900117566210404
2.062062062062062,0.7827616549475324,0.159831729206505
2.0720720720720722,0.7840516204721152,0.09054330067310767
2.0820820820820822,0.7846474108694164,0.021182869302901475
2.0920920920920922,0.7845473361397493,-0.04820210881224796
2.1021021021021022,0.7837503421341775,-0.1175637007295991
2.1121121121121122,0.7822560105545148,-0.1868534966555343
2.1221221221221223,0.7800645589533253,-0.25602260994556003
2.1321321321321323,0.7771768407339231,-0.3250216771043063
2.1421421421421423,0.7735943451503727,-0.3938008577855272
2.1521521521521523,0.7693191973074887,-0.4623098347921013
2.1621621621621623,0.7643541581608359,-0.5304978140760306
2.1721721721721723,0.7587026245167291,-0.5983135247384412
2.1821821821821823,0.7523686290322338,-0.6657052190295831
2.1921921921921923,0.745356840215165,-0.7326206723488309
2.2022022022022023,0.7376725624240886,-0.7990071832446819
2.2122122122122123,0.7293217358683204,-0.8648115734147581
2.2222222222222223,0.720310936607926,-0.9299801877058063
2.2322322322322323,0.7106473765537219,-0.9944588941136949
2.2422422422422423,0.7003389034672742,-1.0581930837834193
2.2522522522522523,0.6893940009608998,-1.1211276710090963
2.2622622622622623,0.6778217884976651,-1.1832070932339678
2.2722722722722724,0.6656320213913871,-1.2443753110504001
2.2822822822822824,0.652835090806633,-1.304575808199882
2.2922922922922924,0.6394420237587203,-1.3637515915730272
2.3023023023023024,0.6254644831137164,-1.4218451912095744
2.3123123123123124,0.6109147675884388,-1.478798660298384
2.3223223223223224,0.5958058117504557,-1.5345535751774422
2.3323323323323324,0.580151186018085,-1.5890510353338587
2.3423423423423424,0.5639650966603953,-1.6422316634038665
2.3523523523523524,0.5472622717029821,-1.6940365331938558
2.3623623623623624,0.5300506192389777,-1.744461851779327
2.3723723723723724,0.5123412661392506,-1.7934675303645093
2.3823823823823824,0.4941501674764558,-1.8409775032987872
2.3923923923923924,0.47549365084067874,-1.886918963547851
2.4024024024024024,0.4563884163394352,-1.9312223626936957
2.4124124124124124,0.43685153659767156,-1.9738214109346228
2.4224224224224224,0.41690045675776477,-2.014653077085238
2.4324324324324325,0.39655299447952197,-2.0536575885764536
2.4424424424424425,0.37582733994018114,-2.090778431455486
2.4524524524524525,0.35474205583441043,-2.1259623503858576
2.4624624624624625,0.3333160773743087,-2.1591593486473966
2.4724724724724725,0.3115687122894052,-2.1903226881362357
2.4824824824824825,0.28951964082665965,-2.219408889364814
2.4924924924924925,0.2671889157504622,-2.2463777314618745
2.5025025025025025,0.24459696234263378,-2.271192252172467
2.5125125125125125,0.22176457840242542,-2.293818747857946
2.5225225225225225,0.1987129342465188,-2.3142267734959727
2.5325325325325325,0.1754635727090263,-2.332389142680511
2.5425425425425425,0.1520384091414902,-2.348281927621832
2.5525525525525525,0.12845973141288408,-2.361884459146512
2.5625625625625625,0.10475019990961115,-2.373179326697433
2.5725725725725725,0.08093284753550561,-2.3821523783337817
2.5825825825825826,0.05703107971183241,-2.3887927207310504
2.5925925925925926,0.03306867437728611,-2.3930927191810367
2.6026026026026026,0.009069781987992576,-2.395047997591844
2.6126126126126126,-0.014941074482492156,-2.3946574384878803
2.6226226226226226,-0.038938999543181474,-2.3919231830098595
2.6326326326326326,-0.06289872518565875,-2.386850630914801
2.6426426426426426,-0.08679461088407614,-2.3794484405760303
2.6526526526526526,-0.11060064359515587,-2.3697285289831758
2.6626626626626626,-0.13429043775818927,-2.357706071742174
2.6726726726726726,-0.15783723529503746,-2.343399503075265
2.6826826826826826,-0.1812167475347131,-2.3268320073289663
2.6926926926926926,-0.20442169011516761,-2.3080383203667845
2.7027027027027026,-0.22743141591301103,-2.2870472922403278
2.7127127127127126,-0.25022246613445076,-2.2638877789073177
2.7227227227227226,-0.2727719467047097,-2.23859047562863
2.7327327327327327,-0.29505752826802645,-2.2111879169682935
2.7427427427427427,-0.3170574461876546,-2.1817144767934913
2.7527527527527527,-0.3387505005458635,-2.1502063682745596
2.7627627627627627,-0.3601160561439378,-2.1167016438849884
2.7727727727727727,-0.3811340425021777,-2.0812401954014215
2.7827827827827827,-0.4017849538598989,-2.043863753903657
2.7927927927927927,-0.42204984917543226,-2.0046158897746444
2.8028028028028027,-0.44191035212612434,-1.96354201270049
2.8128128128128127,-0.4613486511083372,-1.9206893716704512
2.8228228228228227,-0.480347499237448,-1.8761070549769405
2.8328328328328327,-0.49889021434784997,-1.829845990215523
2.8428428428428427,-0.5169606789929511,-1.7819589442849186
2.8528528528528527,-0.5345433404451749,-1.732500523387
2.8628628628628627,-0.5516232106959609,-1.6815271730267938
2.8728728728728727,-0.5681858664557635,-1.62909717801248
2.8828828828828827,-0.584217449154053,-1.575270662455393
2.8928928928928928,-0.5997046649393147,-1.5201095897700203
2.9029029029029028,-0.6146347846790496,-1.463677762674003
2.9129129129129128,-0.6289956439597744,-1.406040823188136
2.9229229229229228,-0.6427756430870204,-1.347266252636368
2.932932932932933,-0.6559637470853352,-1.2874233716458003
2.942942942942943,-0.6685494856982814,-1.2265833401466903
2.952952952952953,-0.6805229533884375,-1.1648191573724467
2.962962962962963,-0.6918748093373968,-1.1022056618596319
2.972972972972973,-0.7025962774457685,-1.0388195314479642
2.982982982982983,-0.7126791463331771,-0.9747392832803123
2.992992992992993,-0.7221157693382625,-0.9100452738027023
3.003003003003003,-0.7309009529260835,-0.8447991546021353
3.013013013013013,-0.7390371616073305,-0.7789645151462613
3.023023023023023,-0.7465182109560757,-0.7125737894437203
3.033033033033033,-0.7533371100788916,-0.6456731204832961
3.043043043043043,-0.7594874760839836,-0.5783089661355996
3.053053053053053,-0.7649635340811898,-0.5105280991530696
3.063063063063063,-0.7697601171819817,-0.4423776071699724
3.073073073073073,-0.7738726664994634,-0.3739048927024011
3.083083083083083,-0.7772972311483721,-0.305157673148277
3.093093093093093,-0.780030468245078,-0.23618398078734815
3.103103103103103,-0.7820696429075844,-0.16703216278119037
3.113113113113113,-0.7834126282555274,-0.09775088117320718
3.123123123123123,-0.7840579054101758,-0.028389112888628776
3.133133133133133,-0.7840045634944319,0.041003850265486474
3.143143143143143,-0.7832522996328308,0.11037840160025347
3.153153153153153,-0.7818014189515403,0.17968461954495885
3.163163163163163,-0.7796528345783614,0.2488722676470625
3.173173173173173,-0.7768080676427281,0.3178907945721965
3.183183183183183,-0.7732692472757072,0.38668933410416595
3.193193193193193,-0.7690391106099987,0.4552167051449476
3.203203203203203,-0.7641210027799353,0.5234214117146927
3.2132132132132134,-0.7585188769214827,0.5912516429517254
3.2232232232232234,-0.75223729417224,0.658655273112535
3.2332332332332334,-0.7452814236714386,0.725579861571793
3.2432432432432434,-0.7376570425599435,0.791972652822339
3.2532532532532534,-0.7293705359802521,0.8577805764751858
3.2632632632632634,-0.7204288970764954,0.9229502472595197
3.2732732732732734,-0.7108397269944365,0.9874279650226974
3.2832832832832834,-0.7006112348814726,1.05115971473025
3.2932932932932935,-0.6897522378866325,1.1140911664658806
3.3033033033033035,-0.6782721611605794,1.1761676754314647
3.3133133133133135,-0.6661810378556084,1.2373342819470505
3.3233233233233235,-0.6534895040766086,1.2975357668441434
3.3333333333333335,-0.6402046895662108,1.3567552016298932
3.3433433433433435,-0.6263338979624667,1.4149563810108197
3.3533533533533535,-0.6118881009919654,1.4720650311175554
3.3633633633633635,-0.5968788061297943,1.5280089203629195
3.3733733733733735,-0.5813180565995377,1.58271785944192
3.3833833833833835,-0.5652184313732785,1.6361237013317518
3.3933933933933935,-0.5485930451715968,1.6881603412917983
3.4034034034034035,-0.5314555484635707,1.7387637168636307
3.4134134134134135,-0.5138201274667759,1.7878718078710076
3.4234234234234235,-0.49570150414728587,1.8354246364198756
3.4334334334334335,-0.47711493621967194,1.8813642668983694
3.4434434434434436,-0.45807621714700314,1.9256348059768111
3.4534534534534536,-0.4386016761408461,1.9681824026077113
3.4634634634634636,-0.41870817816126527,2.0089552480257673
3.4734734734734736,-0.3984131239168231,2.047903575747865
3.4834834834834836,-0.3777344498645794,2.084979661573079
3.4934934934934936,-0.3566906282100918,2.12013782358267
3.5035035035035036,-0.33530066690741606,2.1533344221400865
3.5135135135135136,-0.313584109659105,2.1845278598909674
3.5235235235235236,-0.29156103591620997,2.2136785817631357
3.5335335335335336,-0.26925206087827946,2.2407490749666055
3.5435435435435436,-0.24667833549335988,2.265703868993577
3.5535535535535536,-0.22386154645799555,2.288509535618439
3.5635635635635636,-0.20082391621722828,2.3091346888977666
3.5735735735735736,-0.1775882029645977,2.327549985170325
3.5835835835835836,-0.1541777006421416,2.3437281230570655
3.5935935935935936,-0.13061623894039465,2.357643843461128
3.6036036036036037,-0.10692818329839016,2.3692739295678398
3.6136136136136137,-0.08313843490365835,2.3785972068447165
3.6236236236236237,-0.059272430692227984,2.385594543041462
3.6336336336336337,-0.03535614334862536,2.390248848189966
3.6436436436436437,-0.011413798245026148,2.39255148601771
3.6536536536536537,0.012543265930422105,2.392534491308302
3.6636636636636637,0.03649210369156006,2.390201536111461
3.6736736736736737,0.06040743062077562,2.385551778849414
3.6836836836836837,0.08426437883782718,2.378587445698515
3.6936936936936937,0.10803849699984341,2.369313830589248
3.7037037037037037,0.13170575030132353,2.357739295206225
3.7137137137137137,0.1552425204741371,2.343875268988185
3.7237237237237237,0.17862560578752415,2.327736249127999
3.7337337337337337,0.20183222104809506,2.309339800572663
3.7437437437437437,0.22483999759983073,2.2887065560233033
3.7537537537537538,0.24762698332408223,2.265860215935175
3.7637637637637638,0.27017164263957144,2.240827548517661
3.7737737737737738,0.2924528565023902,2.2136383897342724
3.7837837837837838,0.3144499224060013,2.18432564330265
3.793793793793794,0.3361425543812373,2.152925280694563
3.803803803803804,0.3575108829963019,2.1194763411359077
3.813813813813814,0.37853545535676864,2.0840209316067106
3.823823823823824,0.3991972351055815,2.046604226841126
3.833833833833834,0.4194776024230553,2.007274469327437
3.843843843843844,0.4393583540268751,1.9660829693080557
3.853853853853854,0.45882170317209614,1.9230841047795209
3.863863863863864,0.47785027965114424,1.8783353214925018
3.873873873873874,0.49642712979381565,1.831897132951796
3.883883883883884,0.514535716467277,1.783833120416329
3.893893893893894,0.5321599190760654,1.7342099328991547
3.903903903903904,0.5492840335620884,1.683097287167456
3.913913913913914,0.5658927724046239,1.630567967742545
3.923923923923924,0.5819712646203198,1.5766978268998608
3.933933933933934,0.5975050557631953,1.5215657846689723
3.943943943943944,0.6124801079246396,1.4652538288335761
3.953953953953954,0.626882799733412,1.4078470149314988
3.963963963963964,0.6406999263556423,1.3494334662546932
3.973973973973974,0.6539186994948314,1.290104373849243
3.983983983983984,0.6665347748631584,1.229882609142262
3.993993993993994,0.6785491358627438,1.168727079637912
4.004004004004004,0.6899514990313327,1.106686683857977
4.014014014014014,0.7007320456290167,1.0438114814227852
4.024024024024024,0.7108815560671436,0.9801515835152341
4.034034034034034,0.7203914099083162,0.9157571528808024
4.044044044044044,0.7292535858663912,0.8506784038275477
4.054054054054054,0.7374606618064811,0.7849656022261047
4.064064064064064,0.7450058147449528,0.7186690655096878
4.074074074074074,0.751882820849428,0.6518391626740884
4.084084084084084,0.7580860554387839,0.584526314277677
4.094094094094094,0.7636104929831519,0.5167809924414023
4.104104104104104,0.7684517071039186,0.4486537208487912
4.114114114114114,0.7726058705737257,0.38019507474594905
4.124124124124124,0.776069755316469,0.31145568094155895
4.134134134134134,0.7788407324073003,0.2424862178068834
4.1441441441441444,0.7809167720726256,0.17333741527576163
4.1541541541541545,0.7822964436901055,0.10406005484461311
4.1641641641641645,0.7829789157886564,0.03470496957243441
4.1741741741741745,0.7829639560484489,-0.03467695591920017
4.1841841841841845,0.7822519313009086,-0.10403478544613631
4.1941941941941945,0.7808438075287162,-0.1733175312616433
4.2042042042042045,0.778741149865807,-0.24247415405641015
4.2142142142142145,0.7759461225973714,-0.3114535629585493
4.2242242242242245,0.7724614891598547,-0.38020461553359364
4.2342342342342345,0.768290612140957,-0.4486761177844987
4.2442442442442445,0.7634374532796331,-0.5168168241516413
4.2542542542542545,0.7579065734660931,-0.5845754375128194
4.2642642642642645,0.7517031327418018,-0.6519006091832533
4.2742742742742745,0.7448328902994787,-0.7187409389155857
4.2842842842842845,0.7373022044830986,-0.7850449748998791
4.2942942942942945,0.729116637087881,-0.8507909675308417
4.3043043043043046,0.7202803933052362,-0.9159536769862746
4.314314314314315,0.7107989940537827,-0.9804678841614143
4.324324324324325,0.7006785890168501,-1.044269092779822
4.334334334334335,0.689925954446761,-1.107293600320338
4.344344344344345,0.67854849316483,-1.1694784980170831
4.354354354354355,0.6665542345613652,-1.2307616708594578
4.364364364364365,0.6539518345956666,-1.2910817975921418
4.374374374374375,0.6407505757960277,-1.3503783507150953
4.384384384384385,0.626960367259734,-1.4085915964835576
4.394394394394395,0.6125917446530641,-1.4656625949080482
4.404404404404405,0.5976558702112891,-1.5215331997543662
4.414414414414415,0.582164532738673,-1.5761460585435905
4.424424424424425,0.5661301476084722,-1.62944461255208
4.434434434434435,0.5495657567629362,-1.6813730968114728
4.444444444444445,0.5324850287133067,-1.7318765401086873
4.454454454454455,0.5149022585398185,-1.7809007649859214
4.464464464464465,0.49683236789169893,-1.828392387740653
4.474474474474475,0.478290904987168,-1.8742988184256393
4.484484484484485,0.45929404461343853,-1.9185682608489176
4.494494494494495,0.4398585881267158,-1.9611497125738053
4.504504504504505,0.420001963452198,-2.001992964918899
4.514514514514515,0.39974222508407603,-2.041048602958075
4.524524524524525,0.3790980540855334,-2.07826800552049
4.534534534534535,0.358088758088746,-2.11360334519058
4.544544544544545,0.33673427129488337,-2.1470075883080604
4.554554554554555,0.3150551544741066,-2.178434494967928
4.564564564564565,0.29307259496557003,-2.207838619020457
4.574574574574575,0.27080840667742095,-2.235175308071203
4.584584584584585,0.24828503008679864,-2.260400703481002
4.594594594594595,0.22552553223983574,-2.2834717403659672
4.604604604604605,0.20255360675165746,-2.3043461475974936
4.614614614614615,0.1793900903719358,-2.322994746353115
4.624624624624625,0.1560475841239667,-2.339423049310028
4.634634634634635,0.13254971722939413,-2.353603781135794
4.644644644644645,0.10892097651515449,-2.365509928888325
4.654654654654655,0.08518566470114844,-2.375118301263133
4.664664664664665,0.06136790040024079,-2.382409528593332
4.674674674674675,0.037491618118260545,-2.387368062849634
4.684684684684685,0.013580568254000919,-2.3899821776403503
4.694694694694695,-0.010341682900780774,-2.3902439682113936
4.704704704704705,-0.03425175316136289,-2.3881493514462755
4.714714714714715,-0.05812644445005977,-2.383698065866108
4.724724724724725,-0.08194274279622138,-2.3768936716296016
4.734734734734735,-0.10567781833623369,-2.3677435505330684
4.744744744744745,-0.12930902531351818,-2.356258906010419
4.754754754754755,-0.15281390207853268,-2.3424547631331643
4.764764764764765,-0.17617017108877026,-2.3263499686104145
4.774774774774775,-0.19935573890876018,-2.307967190788881
4.784784784784785,-0.22234869621006725,-2.2873329196528727
4.794794794794795,-0.24512731777129226,-2.2644774668243004
4.804804804804805,-0.2676700624780718,-2.2394349655626744
4.814814814814815,-0.28995557332307836,-2.212243370765103
4.824824824824825,-0.3119626774060199,-2.182944458966297
4.834834834834835,-0.3336703859336406,-2.151583828338565
4.844844844844845,-0.3550578942197202,-2.118210898691816
4.854854854854855,-0.37610458168507443,-2.082878911473559
4.864864864864865,-0.3967900118575547,-2.045644929768902
4.874874874874875,-0.41709393237204817,-2.006569838300555
4.884884884884885,-0.4369962749704781,-1.9657183434288248
4.894894894894895,-0.4564771555018031,-1.92315897315162
4.904904904904905,-0.47551687392201825,-1.878964077104449
4.914914914914915,-0.4940993246514945,-1.8331937564691985
4.924924924924925,-0.512219084701722,-1.7858552190676198
4.934934934934935,-0.5298608460668424,-1.7369971372675725
4.944944944944945,-0.5470087396981749,-1.6866734697895365
4.954954954954955,-0.5636475174364298,-1.6349382597421769
4.964964964964965,-0.5797625520117092,-1.581845634622343
4.974974974974975,-0.5953398370435059,-1.5274498063150697
4.984984984984985,-0.6103659870407043,-1.4718050710935753
4.994994994994995,-0.6248282374015799,-1.4149658096192637
5.005005005005005,-0.6387144444137995,-1.356986486941723
5.015015015015015,-0.6520130852544215,-1.2979216524987263
5.025025025025025,-0.6647132579898949,-1.237825940116231
5.035035035035035,-0.6768046815760604,-1.17675406800838
5.045045045045045,-0.6882776958581501,-1.1147608387774994
5.055055055055055,-0.6991232615707871,-1.051901139414102
5.065065065065065,-0.7093329603379859,-0.9882299412968831
5.075075075075075,-0.7188989946731519,-0.9238023001927244
5.085085085085085,-0.7278141879790826,-0.8586733562566913
5.095095095095095,-0.736071984547966,-0.7928983340320344
5.105105105105105,-0.7436664495613816,-0.7265325424501885
5.115115115115115,-0.7505922690903002,-0.6596313748307736
5.125125125125125,-0.7568447500950841,-0.592250308881594
5.135135135135135,-0.7624198204254864,-0.5244449066986385
5.145145145145145,-0.7673140288206517,-0.45627081476608145
5.155155155155155,-0.771524544909116,-0.3877837639562811
5.165165165165165,-0.7750491592088065,-0.3190395695297803
5.175175175175175,-0.7778862831270414,-0.2500941311353071
5.185185185185185,-0.7800349489605306,-0.1810034328097745
5.195195195195195,-0.781494809895375,-0.11182354297827835
5.205205205205205,-0.7822662263266236,-0.042609837825441935
5.215215215215215,-0.7823537728932259,0.02662400128065634
5.225225225225225,-0.7817580829599633,0.0958509617857666
5.235235235235235,-0.7804773937033658,0.1650213428483594
5.245245245245245,-0.7785106014132583,0.2340851443857605
5.255255255255255,-0.7758572614927607,0.30299206707415094
5.265265265265265,-0.7725175884582881,0.37169151234856707
5.275275275275275,-0.7684924559395506,0.4401325824029003
5.285285285285285,-0.7637833966795534,0.5082640801898973
5.295295295295295,-0.7583926025345967,0.5760345094211601
5.305305305305305,-0.7523229244742757,0.6433920745671458
5.315315315315315,-0.7455778725814808,0.7102846808571669
5.325325325325325,-0.7381616160523975,0.7766599342793907
5.335335335335335,-0.730078983196506,0.8424651415808402
5.345345345345345,-0.721335461436582,0.9076473102673935
5.355355355355355,-0.7119371973086961,0.9721531486037838
5.365365365365365,-0.7018909964622138,1.0359290656136
5.375375375375375,-0.6912043236597958,1.0989211710792852
5.385385385385385,-0.6798853027773979,1.1610752755421385
5.395395395395395,-0.667942716804271,1.2223368903023146
5.405405405405405,-0.6553860078429607,1.2826512274188226
5.415415415415415,-0.6422252771093082,1.3419631997095265
5.425425425425425,-0.6284712849324493,1.4002174207511473
5.435435435435435,-0.6141354507548152,1.4573582048792597
5.445445445445445,-0.5992298531321318,1.5133295671882931
5.455455455455455,-0.5837672297334204,1.5680752235315347
5.465465465465465,-0.5677609773409973,1.6215385905211235
5.475475475475475,-0.5512251518504735,1.673662785528057
5.485485485485485,-0.5341744682707554,1.7243906266821856
5.495495495495495,-0.5166243007240446,1.7736646328722154
5.505505505505505,-0.49859068244583743,1.821427023745709
5.515515515515515,-0.4800903057849253,1.8676197197090831
5.525525525525525,-0.46114052220339496,1.9121843419276092
5.535535535535535,-0.44175934227662794,1.9550622123254147
5.545545545545545,-0.4219654356933007,1.996194353585483
5.555555555555555,-0.4017781312553856,2.0355214891496516
5.565565565565565,-0.38121184293818927,2.0730109131804406
5.575575575575575,-0.36027699009763214,2.108649391881346
5.585585585585585,-0.3389941222412016,2.142376836674044
5.595595595595595,-0.3173841458237595,2.1741360052251935
5.605605605605605,-0.2954681138756937,2.2038735401995133
5.615615615615615,-0.27326722600291853,2.231539969259782
5.625625625625625,-0.2508028283868742,2.257089705066839
5.635635635635635,-0.22809641378452733,2.2804810452795836
5.645645645645645,-0.20516962152837054,2.301676172554976
5.655655655655655,-0.18204423752642268,2.320641154548036
5.665665665665665,-0.158742194262229,2.337345943911844
5.675675675675675,-0.13528557079486042,2.3517643782975406
5.685685685685685,-0.11169659275891464,2.3638741803543266
5.6956956956956954,-0.08799763236451508,2.3736569577294637
5.7057057057057055,-0.06421120839731154,2.3810982030682726
5.7157157157157155,-0.04035998621848008,2.3861872940141353
5.7257257257257255,-0.016466777764722718,2.388917493208494
5.7357357357357355,0.007445458451732223,2.3892859482908504
5.7457457457457455,0.03135361734313041,2.387293691898768
5.7557557557557555,0.055234447246190976,2.3829456416678685
5.7657657657657655,0.0790645499221071,2.376250600231836
5.7757757757757755,0.10282038055654585,2.3672212552224137
5.7857857857857855,0.126478247759648,2.3558741792694047
5.7957957957957955,0.15001431356602835,2.342229830000673
5.8058058058058055,0.1734045934347751,2.3263125500421435
5.8158158158158155,0.19662495624945053,2.3081505670177997
5.8258258258258255,0.21965112431809064,2.2877759935496873
5.8358358358358355,0.2424586733732058,2.265224827257911
5.8458458458458455,0.2650230325717794,2.2405369507606356
5.8558558558558556,0.2873210004753674,2.21375381675388
5.865865865865866,0.3093421194837019,2.1848996808147385
5.875875875875876,0.3310675262557316,2.154011893703385
5.885885885885886,0.3524759140942655,2.1211333121435656
5.895895895895896,0.37354658062711316,2.0863078426672805
5.905905905905906,0.3942594278070847,2.049580441614786
5.915915915915916,0.414594961911991,2.010997115134591
5.925925925925926,0.4345342935446437,1.9706049191834603
5.935935935935936,0.45405913763285477,1.9284519595264138
5.945945945945946,0.47315181342943713,1.884587391736725
5.955955955955956,0.49179524451220424,1.8390614211959233
5.965965965965966,0.5099729587839703,1.7919253030937914
5.975975975975976,0.5276690884725499,1.7432313424283676
5.985985985985986,0.5448683701307585,1.6930328940059445
5.995995995995996,0.5615561446364123,1.6413843624410696
6.006006006006006,0.5777183571923281,1.5883412021565446
6.016016016016016,0.593341557326323,1.533959917383427
6.026026026026026,0.6084128988912152,1.4782980621610275
6.036036036036036,0.6229201400648233,1.4214142403369125
6.046046046046046,0.6368516433499667,1.3633681055669031
6.056056056056056,0.6501963755744655,1.3042203613150742
6.066066066066066,0.6629439078911401,1.2440327608537562
6.076076076076076,0.675084415777812,1.1828681072635334
6.086086086086086,0.6866086790373029,1.1207902534332461
6.096096096096096,0.6975080817974357,1.0578641020599877
6.106106106106106,0.7077746125110335,0.9941556056491077
6.116116116116116,0.7174008639559201,0.9297317665142084
6.126126126126126,0.7263800332349202,0.8646606367771494
6.136136136136136,0.7347059217758589,0.799011318368043
6.146146146146146,0.742372935331562,0.7328539630252564
6.156156156156156,0.7493807012964145,0.6662194398781077
6.166166166166166,0.7557280955732062,0.599117953902357
6.176176176176176,0.7614086631407504,0.5315943920539682
6.186186186186186,0.7664165677503807,0.4636940717811409
6.196196196196196,0.7707465942568633,0.39546272443743263
6.206206206206206,0.774394148618396,0.32694649528175873
6.216216216216216,0.7773552578966088,0.258191943478392
6.226226226226226,0.7796265702565639,0.18924604209696305
6.236236236236236,0.7812053549667554,0.1201561781124606
6.246246246246246,0.7820895023991095,0.050970152405230396
6.256256256256256,0.7822775240289845,-0.0182638202390234
6.266266266266266,0.781768552435171,-0.08749711112923952
6.276276276276276,0.7805623412998911,-0.1566806776689983
6.286286286286286,0.7786592654087996,-0.22576506335652313
6.296296296296296,0.7760603206509828,-0.29470039778467894
6.306306306306306,0.7727671240189598,-0.36343639664097327
6.316316316316316,0.7687819136086808,-0.4319223617075558
6.326326326326326,0.7641075486195288,-0.500107180861219
6.336336336336336,0.7587475093543188,-0.5679393280733969
6.346346346346346,0.7527058972192975,-0.6353668634101657
6.356356356356356,0.745987434724144,-0.7023374330322452
6.366366366366366,0.7385974654819694,-0.7687982691949959
6.376376376376376,0.7305419542093167,-0.8346961902484207
6.386386386386386,0.7218274867261611,-0.8999776006371671
6.396396396396396,0.7124612699559102,-0.9645884909005213
6.406406406406406,0.7024511319254029,-1.0284744376724138
6.416416416416417,0.6918055217649098,-1.0915806036814233
6.426426426426427,0.6805335097081363,-1.1538517377507533
6.436436436436437,0.668644787092217,-1.215232174798266
6.446446446446447,0.6561496663577195,-1.2756658358364614
6.456456456456457,0.6430590810486435,-1.3350962279724796
6.466466466466467,0.6293845858124207,-1.3934664444081069
6.476476476476477,0.615138356399915,-1.450719164439767
6.486486486486487,0.600332754544835,-1.5068006058032468
6.496496496496497,0.58497402001864,-1.5617094684215793
6.506506506506507,0.5690728517973503,-1.6153909855844248
6.516516516516517,0.5526427337249796,-1.6677694750778667
6.526526526526527,0.5356976137700767,-1.7187719201092646
6.536536536536537,0.5182519040257265,-1.7683279693072542
6.546546546546547,0.5003204807095495,-1.8163699367217472
6.556556556556557,0.4819186841637021,-1.8628328018239317
6.566566566566567,0.46306231885487625,-1.9076542095062723
6.576576576576577,0.4437676533742998,-1.950774470082509
6.586586586586587,0.42405142043773647,-1.992136559287658
6.596596596596597,0.4039308168854854,-2.031686118278013
6.606606606606607,0.3834235036823818,-2.069371453631142
6.616616616616617,0.3625476059177966,-2.1051435373458895
6.626626626626627,0.34132171280563633,-2.138956006842378
6.636636636636637,0.3197648776843434,-2.1707651649620043
6.646646646646647,0.297896618016896,-2.200529979967442
6.656656656656657,0.2757369153908079,-2.22821208554264
6.666666666666667,0.2533062155181289,-2.253775780792825
6.676676676676677,0.2306254282354444,-2.277188030244499
6.686686686686687,0.20771592750387535,-2.2984184638454397
6.696696696696697,0.18459955140907897,-2.3174393769647015
6.706706706706707,0.16129860216124786,-2.3342257303926157
6.716716716716717,0.1378358460951103,-2.3487551503407875
6.726726726726727,0.11423451366993082,-2.361007928442101
6.736736736736737,0.09051829946950918,-2.3709670217507144
6.746746746746747,0.0667113622021811,-2.378618052742063
6.756756756756757,0.042838324700818164,-2.3839493093128583
6.766766766766767,0.018924273922827584,-2.3869517447810873
6.776776776776777,-0.00500523904984751,-2.3876189778860137
6.786786786786787,-0.028924199010728735,-2.3859472927881784
6.796796796796797,-0.05280612662880113,-2.381935639069396
6.806806806806807,-0.07662443106984748,-2.375586226022436
6.816816816816817,-0.10036688240703695,-2.366929057204303
6.826826826826827,-0.12401570958518296,-2.3559879403486854
6.836836836836837,-0.1475461359013877,-2.342776689319107
6.846846846846847,-0.17093388420709796,-2.3273116003930334
6.856856856856857,-0.19415517690810502,-2.3096114522618736
6.866866866866867,-0.2171867359645447,-2.2896975060309788
6.876876876876877,-0.24000578289089736,-2.2675935052196436
6.886886886886887,-0.26259003875598785,-2.2433256757611053
6.896896896896897,-0.28491772418298567,-2.2169227260025437
6.906906906906907,-0.3069675593494047,-2.1884158467050816
6.916916916916917,-0.3287187639871034,-2.1578387110437847
6.926926926926927,-0.3501510573822849,-2.1252274746076605
6.936936936936937,-0.3712446583754967,-2.090620775399661
6.946946946946947,-0.3919802853616309,-2.054059733836679
6.956956956956957,-0.4123391562899241,-2.015587952749552
6.966966966966967,-0.4323029886639575,-1.9752515173830592
6.976976976976977,-0.4518539995416568,-1.9330989953959228
6.986986986986987,-0.47097490553529203,-1.8891814368608078
6.996996996996997,-0.4896489228114782,-1.8435523742643212
7.007007007007007,-0.5078597670911745,-1.7962678225070148
7.017017017017017,-0.5255916536496847,-1.7473862789033814
7.027027027027027,-0.5428292973166574,-1.6969687231818562
7.037037037037037,-0.5595579124760852,-1.6450786174848198
7.047047047047047,-0.5757632130663056,-1.5917819063685927
7.057057057057057,-0.5914314125800006,-1.5371470168034396
7.067067067067067,-0.6065492240641969,-1.4812448581735675
7.077077077077077,-0.621103860120265,-1.424148822277127
7.087087087087087,-0.6350830329039208,-1.3659347833262105
7.097097097097097,-0.6484749541252245,-1.3066810979468537
7.107107107107107,-0.6612683350485805,-1.2464686051790352
7.117117117117117,-0.6734523864927381,-1.1853806264766757
7.127127127127127,-0.685016818830791,-1.1235029657076394
7.137137137137137,-0.6959526247955937,-1.0609161991715217
7.147147147147147,-0.7062620945276054,-0.9975831163794788
7.157157157157157,-0.7159400142785226,-0.9335162898402198
7.167167167167167,-0.7249778188908625,-0.868763560989797
7.177177177177177,-0.7333675431734754,-0.8033729487175607
7.187187187187187,-0.7411018219015448,-0.7373926493661593
7.197197197197197,-0.7481738898165874,-0.670871036731539
7.207207207207207,-0.7545775816264533,-0.6038566620629441
7.217217217217217,-0.7603073320053257,-0.5363982540629167
7.227227227227227,-0.7653581755937212,-0.468544718887297
7.237237237237237,-0.7697257469984894,-0.4003451401452235
7.247247247247247,-0.7734062807928135,-0.331848778899132
7.257257257257257,-0.7763966115162096,-0.263105073664757
7.267267267267267,-0.7786941736745274,-0.19416364041113043
7.277277277277277,-0.7802970017399495,-0.1250742725605828
7.287287287287287,-0.781203730150992,-0.05588694098874192
7.297297297297297,-0.7814135933125042,0.013348205975465932
7.307307307307307,-0.7809264255956684,0.0825808425498169
7.317317317317317,-0.7797426613380006,0.1517604654987883
7.327327327327327,-0.7778633348433497,0.22083639413356027
7.337337337337337,-0.7752900803818981,0.2897577703120149
7.347347347347347,-0.772025132190161,0.35847355843873596
7.357357357357357,-0.7680713244709875,0.4269325454650097
7.367367367367367,-0.7634320913935594,0.49508334088882355
7.377377377377377,-0.758111467093392,0.5628743767548676
7.387387387387387,-0.7521140856723338,0.6302539076545346
7.397397397397397,-0.7454451811985667,0.6971700107259171
7.407407407407407,-0.7381105877066056,0.7635705856538118
7.4174174174174174,-0.7301167391972988,0.8294033546697175
7.4274274274274275,-0.7214706696378277,0.894615862551833
7.4374374374374375,-0.7121800129617072,0.9591554766250607
7.4474474474474475,-0.7022530030687852,1.0229693867610052
7.4574574574574575,-0.6916971598805834,1.086019842949225
7.4674674674674675,-0.6805170207759721,1.1482912289561809
7.4774774774774775,-0.6687203708660152,1.2097173449506557
7.4874874874874875,-0.6563158186951356,1.2702299275526072
7.4974974974974975,-0.6433125632977219,1.3297620089966764
7.5075075075075075,-0.6297203941981291,1.3882479171321884
7.5175175175175175,-0.615549691410678,1.4456232754231513
7.5275275275275275,-0.6008114254396553,1.5018250029482574
7.5375375375375375,-0.585517157279314,1.5567913144008818
7.5475475475475475,-0.5696790384138728,1.6104617200890834
7.5575575575575575,-0.5533098108175166,1.662777025935605
7.5675675675675675,-0.5364228069543964,1.7136793334778724
7.5775775775775776,-0.5190319497786289,1.7631120398679956
7.587587587587588,-0.501151752734297,1.8110198378727667
7.597597597597598,-0.4827973197554498,1.8573487158736635
7.607607607607608,-0.4639843452661019,1.9020459578668458
7.617617617617618,-0.4447291141802345,1.9450601434631571
7.627627627627628,-0.4250485019017943,1.9863411478881252
7.637637637637638,-0.40495997432469427,2.0258401419819605
7.647647647647648,-0.38448158783281344,2.063509592199557
7.657657657657658,-0.36363198929999696,2.099303260610494
7.667667667667668,-0.34243041609005526,2.133176204899031
7.677677677677678,-0.3208966960567657,2.165084778364114
7.687687687687688,-0.2990512475438712,2.1949866299193714
7.697697697697698,-0.2769150793850807,2.2228407040931155
7.707707707707708,-0.2545097909040691,2.2486072410283415
7.717717717717718,-0.23185757191447776,2.2722477764827285
7.727727727727728,-0.20898120271991333,2.2937251418286397
7.737737737737738,-0.18590405411394895,2.31300346405312
7.747747747747748,-0.16265008738012376,2.3300481657579004
7.757757757757758,-0.13924385429194264,2.344825965159394
7.767767767767768,-0.11570578757844323,2.3573193140786675
7.777777777777778,-0.09205014558207661,2.3675358657908987
7.787787787787788,-0.06830157931031522,2.375457205504983
7.797797797797798,-0.04448493852503156,2.3810671254104703
7.807807807807808,-0.02062480374710776,2.3843529987755447
7.817817817817818,0.003254513743564502,2.3853057799470228
7.827827827827828,0.02712897190808386,2.3839200043503554
7.837837837837838,0.05097479794853935,2.380193788489627
7.847847847847848,0.07476848830801042,2.374128829947554
7.857857857857858,0.09848680867056678,2.3657304073854877
7.867867867867868,0.12210679396126867,2.3550073805434115
7.877877877877878,0.14560574834616657,2.3419721902399435
7.887887887887888,0.16896124523230144,2.3266408583723344
7.897897897897898,0.1921511272677046,2.3090329879164684
7.907907907907908,0.21515350634139774,2.289171762926863
7.917917917917918,0.23794676358339278,2.267083948536669
7.927927927927928,0.26050954936469223,2.242799890957672
7.937937937937938,0.28282078329728905,2.216353517480288
7.947947947947948,0.3048596542341662,2.18778233647357
7.957957957957958,0.32660562026929735,2.157127437385201
7.967967967967968,0.3480384087376466,2.1244334907415
7.977977977977978,0.36913801621516795,2.089748748147418
7.987987987987988,0.3898847085188063,2.0531250422865397
7.997997997997998,0.41025902070649667,2.0146177869210837
8.008008008008009,0.4302417570771663,1.9742859768918968
8.018018018018019,0.4498139911707275,1.932192188118472
8.028028028028029,0.46895706576808827,1.888402577598924
8.038038038038039,0.48765259289114504,1.842986883410004
8.048048048048049,0.505882453802785,1.7960184247070978
8.058058058058059,0.5236287990068854,1.7475741017242234
8.068068068068069,0.5408758049493695,1.6977246494883396
8.078078078078079,0.5576195123807653,1.6464724251391134
8.088088088088089,0.5738473818325953,1.5938587101180293
8.098098098098099,0.5895450597173435,1.5399372279776613
8.108108108108109,0.6046988069471966,1.4847616977371636
8.118118118118119,0.6192954989340442,1.4283858338822693
8.128128128128129,0.6333226255894792,1.3708633463652906
8.138138138138139,0.6467682913247967,1.312247940605119
8.148148148148149,0.6596212150509952,1.2525933174872255
8.158158158158159,0.6718707301787759,1.1919531733636597
8.168168168168169,0.6835067846185424,1.1303812000530513
8.178178178178179,0.6945199407804019,1.067931084840608
8.188188188188189,0.7049013755741643,1.0046565104781184
8.198198198198199,0.7146428804093419,0.9406111551839484
8.208208208208209,0.72373686119515,0.8758486926430453
8.218218218218219,0.7321763383405073,0.8104227920069335
8.228228228228229,0.7399549467540348,0.744387117893718
8.238238238238239,0.7470669358440566,0.6777953303880824
8.248248248248249,0.7535071695185995,0.6107010850412904
8.258258258258259,0.7592711261853933,0.5431580328711834
8.268268268268269,0.7643548987518707,0.47521982036218335
8.278278278278279,0.7687551946251671,0.40694008946529125
8.288288288288289,0.7724693357121208,0.33837247759808675
8.298298298298299,0.7754952584192731,0.26957061764472945
8.308308308308309,0.7778315136528682,0.20058813795595754
8.318318318318319,0.7794772668188528,0.131478662349088
8.328328328328329,0.7804322978228766,0.06229581010801888
8.338338338338339,0.7806970010702926,-0.006906804016774126
8.348348348348349,0.7802723854661562,-0.0760755698082356
8.358358358358359,0.7791600744152256,-0.14515688158273132
8.368368368368369,0.7773629933528159,-0.21410818800283174
8.378378378378379,0.7748856355914607,-0.2829273449402607
8.388388388388389,0.7717282019104625,-0.3515672604283318
8.398398398398399,0.7678910277310304,-0.4199742702372539
8.408408408408409,0.7633751076547902,-0.48809462963573197
8.418418418418419,0.758182095463785,-0.5558745133909675
8.428428428428429,0.7523143041204745,-0.6232600157686579
8.438438438438439,0.7457747057677353,-0.6901971505329971
8.448448448448449,0.7385669317288613,-0.7566318509466752
8.458458458458459,0.730695272507563,-0.8225099697708784
8.468468468468469,0.7221646777879681,-0.8877772792652895
8.478478478478479,0.7129807564346208,-0.9523794711880876
8.488488488488489,0.7031497764924827,-1.0162621567959471
8.498498498498499,0.6926786651869319,-1.07937086684404
8.508508508508509,0.6815750089237639,-1.1416510515860336
8.518518518518519,0.6698470532891907,-1.2030480807740922
8.528528528528529,0.6575037030498414,-1.2635072436588757
8.538538538538539,0.6445545221527622,-1.3229737489895403
8.548548548548549,0.631009733725416,-1.3813927250137392
8.558558558558559,0.6168802200756827,-1.4387092194776208
8.568568568568569,0.602177522691859,-1.4948681996258306
8.578578578578579,0.5869138422426589,-1.54981455220151
8.588588588588589,0.5711020385772128,-1.603493083446297
8.598598598598599,0.5547556307250685,-1.655848519100325
8.608608608608609,0.5378887968961905,-1.7068255044022245
8.618618618618619,0.5205163744809602,-1.7563686040891224
8.62862862862863,0.5026538600501762,-1.8044223023966404
8.63863863863864,0.4843174093550536,-1.8509310030588981
8.64864864864865,0.4655238373272248,-1.8958390293085112
8.65865865865866,0.44629061807873904,-1.9390906238765913
8.66866866866867,0.42663588490206233,-1.9806299489927448
8.67867867867868,0.4065784302700777,-2.0204010863850765
8.68868868868869,0.38613770583608503,-2.0583480372801874
8.6986986986987,0.3653338224338014,-2.0944147224031733
8.70870870870871,0.3441875500773608,-2.128544981977626
8.71871871871872,0.3227165670895974,-2.1606991755509433
8.72872872872873,0.30093091166661623,-2.190874142356159
8.73873873873874,0.2788518848705698,-2.219020328692051
8.74874874874875,0.2565017275020159,-2.245088188720112
8.75875875875876,0.23390272586349165,-2.269032160568606
8.76876876876877,0.21107721175951313,-2.290810666332569
8.77877877877878,0.1880475624965759,-2.3103861120738083
8.78878878878879,0.1648362008831544,-2.3277248878209034
8.7987987987988,0.14146559522970245,-2.342797367569205
8.80880880880881,0.11795825934865281,-2.3555779092808358
8.81881881881882,0.09433675255441767,-2.3660448548846915
8.82882882882883,0.07062367966338817,-2.3741805302764374
8.83883883883884,0.04684169099393476,-2.3799712453185125
8.84884884884885,0.02301348236640699,-2.383407293840126
8.85885885885886,-0.0008382048968664235,-2.38448295363726
8.86886886886887,-0.02469058397157764,-2.3831964864726674
8.87887887887888,-0.04852082253143941,-2.3795501380758743
8.88888888888889,-0.07230604274818564,-2.373550138143177
8.8988988988989,-0.09602332129157098,-2.3652067003376445
8.90890890890891,-0.1196496893293707,-2.3545340222891173
8.91891891891892,-0.14316213252738114,-2.3415502855942076
8.92892892892893,-0.16653759104941945,-2.326277655816299
8.93893893893894,-0.18975295955732352,-2.3087422824855484
8.94894894894895,-0.21278508721095202,-2.288974299098882
8.95895895895896,-0.23561077766818472,-2.26700782312
8.96896896896897,-0.2582067890849219,-2.2428809559793734
8.97897897897898,-0.28054983411508483,-2.2166357830742456
8.98898898898899,-0.30261657991061564,-2.1883183737686296
8.998998998999,-0.32438364812147724,-2.157978781393313
9.00900900900901,-0.3458282063390303,-2.125669476219522
9.01901901901902,-0.3669394623080879,-2.0914134164866005
9.02902902902903,-0.38770139453506763,-2.055247026291331
9.03903903903904,-0.4080941307272259,-2.017218779672077
9.04904904904905,-0.4280984141627446,-1.9773777993704786
9.05905905905906,-0.447695603690731,-1.9357738568314515
9.06906906906907,-0.4668676737312181,-1.8924573722031883
9.07907907907908,-0.4855972142751643,-1.8474794143371571
9.08908908908909,-0.5038674308844534,-1.8008917007881027
9.0990990990991,-0.5216621446918949,-1.7527465978140455
9.10910910910911,-0.5389657924012237,-1.7030971203762826
9.11911911911912,-0.5557634262871001,-1.6519969321393873
9.12912912912913,-0.5720407141951102,-1.5995003454712085
9.13913913913914,-0.5877839395417652,-1.5456623214428724
9.14914914914915,-0.6029800013145021,-1.4905384698287794
9.15915915915916,-0.6176164140716834,-1.4341850491066086
9.16916916916917,-0.6316813079425969,-1.3766589664573134
9.17917917917918,-0.6451634286274562,-1.3180177777651239
9.18918918918919,-0.6580521373974002,-1.258319687617547
9.1991991991992,-0.6703374110944931,-1.1976235493053649
9.20920920920921,-0.6820098421317249,-1.135988864822636
9.21921921921922,-0.6930606384930111,-1.0734757848666958
9.22922922922923,-0.7034816237331929,-1.0101451088381552
9.23923923923924,-0.7132652369780363,-0.9460582848409014
9.24924924924925,-0.7224045329242337,-0.8812774096820979
9.25925925925926,-0.7308931818394021,-0.8158652288721842
9.26926926926927,-0.7387254695620846,-0.7498851366248762
9.27927927927928,-0.7458962975017498,-0.6834011758571656
9.28928928928929,-0.7524011826387917,-0.6164780381893213
9.2992992992993,-0.7582393321319513,-0.5491607546875837
9.30930930930931,-0.7634117944471743,-0.48146341975654633
9.31931931931932,-0.7679129569680591,-0.41342971118563654
9.32932932932933,-0.7717376606666412,-0.3451046945097005
9.33933933933934,-0.7748813779641858,-0.27653389363867964
9.34934934934935,-0.7773402127311873,-0.20776329085761092
9.35935935935936,-0.7791109002873697,-0.13883932682662625
9.36936936936937,-0.7801908074016863,-0.06980890058095346
9.37937937937938,-0.7805779322923199,-0.0007193695309148929
9.38938938938939,-0.7802709046266822,0.06838145053807088
9.3993993993994,-0.7792689855214151,0.13744528546549073
9.40940940940941,-0.7775720675423892,0.20642340271573556
9.41941941941942,-0.7751806747047048,0.2752666113781016
9.42942942942943,-0.7720959624726916,0.3439252621667894
9.43943943943944,-0.7683197177599087,0.41234924742090406
9.44944944944945,-0.7638543589291444,0.4804880011044552
9.45945945945946,-0.7587029357924168,0.5482904988063584
9.46946946946947,-0.7528691296109729,0.6157052577404318
9.47947947947948,-0.7463572530952893,0.6826803367454002
9.48948948948949,-0.7391722504050722,0.7491633362848917
9.4994994994995,-0.7313196971492569,0.8151013984474393
9.50950950950951,-0.7228058003860083,0.880441206946482
9.51951951951952,-0.7136373986227205,0.9451289871203616
9.52952952952953,-0.7038219618160171,1.0091105059323253
9.53953953953954,-0.6933675913717512,1.0723310719705264
9.54954954954955,-0.6822830201450052,1.1347355354480195
9.55955955955956,-0.6705776124400907,1.1962682882027678
9.56956956956957,-0.658261364010549,1.2568732636976367
9.57957957957958,-0.6453449020591507,1.316493937020396
9.58958958958959,-0.6318394852378957,1.3750733248837224
9.5995995995996,-0.6177570036480134,1.432553985625195
9.60960960960961,-0.6031099788399625,1.4888780192072988
9.61961961961962,-0.5879115638134312,1.5439870672174238
9.62962962962963,-0.5721755430173372,1.5978223128678632
9.63963963963964,-0.5559154790934883,1.650331433612998
9.64964964964965,-0.5391377036762869,1.701517829811506
9.65965965965966,-0.5218550062744904,1.7513224961631995
9.66966966966967,-0.5040827325072267,1.7996703086192345
9.67967967967968,-0.48583662396936744,1.8464892381071378
9.68968968968969,-0.4671328182315284,1.8917103505308086
9.6996996996997,-0.44798784884006926,1.9352678067705162
9.70970970970971,-0.42841864531709334,1.9770988626829025
9.71971971971972,-0.408442533160448,2.0171438691009804
9.72972972972973,-0.38807723384372467,2.055346271834134
9.73973973973974,-0.3673408648162583,2.091652611668119
9.74974974974975,-0.3462519395031278,2.126012524365063
9.75975975975976,-0.32482936730515644,2.1583787406634647
9.76976976976977,-0.3030924535989108,2.1887070862781934
9.77977977977978,-0.2810608997367017,2.2169564819004917
9.78978978978979,-0.25875480304658344,2.2430889431979715
9.7997997997998,-0.2361946568323547,2.267069580814618
9.80980980980981,-0.21340135037355795,2.2888666003707865
9.81981981981982,-0.19039616892547923,2.3084513024632045
9.82982982982983,-0.16720079371914875,2.3257980826649707
9.83983983983984,-0.14383730196134042,2.340884431525555
9.84984984984985,-0.12032816683457254,2.353690934570799
9.85985985985986,-0.09669625749710653,2.3642012723029158
9.86986986986987,-0.07296483908294821,2.372402220200489
9.87987987987988,-0.04915757270184706,2.3782836487184764
9.88988988988989,-0.02529851543929673,2.3818385232882036
9.8998998998999,-0.0014121203565343743,2.38306290431737
9.90990990990991,0.022476763509458597,2.3819559471900456
9.91991991991992,0.04634289114595691,2.378519902266672
9.92992992992993,0.07016062156449177,2.372760114884062
9.93993993993994,0.09390391780085039,2.3646850253554006
9.94994994994995,0.11754634691507548,2.3543061689702434
9.95995995995996,0.1410610799914669,2.3416381759945173
9.96996996996997,0.16442813436457676,2.3266962534942897
9.97997997997998,0.18763418451699038,2.3094984509122973
9.98998998998999,0.2106568948616729,2.2900705992571515
10.0,0.233474093757128,2.2684416825526363
