q,qt,g,qtt
0.9762700785464951,-0.8541140203892403,9.787379841057392,0.15145342490186703
0.9754151864408608,-0.8539622137553633,9.787379841057392,0.15184867696288723
0.9745604481103193,-0.8538100038811284,9.787379841057392,0.1522456001267208
0.9737058635550263,-0.853657390766124,9.787379841057392,0.15264419966042672
0.9728514327749818,-0.8535043744103503,9.787379841057392,0.15304448084800087
0.9719971557701859,-0.8533509548138072,9.787379841057392,0.15344644899147575
0.9711430325406385,-0.8531971319764946,9.787379841057392,0.15385010941094843
0.9702890630863396,-0.8530429058984127,9.787379841057392,0.1542554674446084
0.9694352474072893,-0.8528882765795613,9.787379841057392,0.15466252844876793
0.9685815855034875,-0.8527332440199407,9.787379841057392,0.15507129779788836
0.9677280773749342,-0.8525778082195505,9.787379841057392,0.1554817808846108
0.9668747250752426,-0.8524219604909354,9.787379841057392,0.1558940061168142
0.9660215306744884,-0.852265692076999,9.787379841057392,0.15630800225184005
0.9651684941726796,-0.8521090029777063,9.787379841057392,0.15672377495892953
0.9643156155698163,-0.8519518931930572,9.787379841057392,0.15714132992692362
0.9634628948658984,-0.8517943627230518,9.787379841057392,0.15756067286438596
0.962610332060926,-0.8516364115676901,9.787379841057392,0.15798180949963453
0.9617579271548992,-0.8514780397269721,9.787379841057392,0.15840474558077405
0.9609056801478177,-0.8513192472008977,9.787379841057392,0.15882948687572757
0.9600535910396819,-0.851160033989467,9.787379841057392,0.15925603917226586
0.9592016598304915,-0.8510004000926802,9.787379841057392,0.15968440827804214
0.9583498363331675,-0.8508405612278337,9.787379841057392,0.16011401975200798
0.9574982429436149,-0.8506799913050604,9.787379841057392,0.16054629406941534
0.9566468083129832,-0.8505189970005298,9.787379841057392,0.16098041353834427
0.9557955328716903,-0.850357576464193,9.787379841057392,0.16141638909961484
0.9549444170501535,-0.8501957278460012,9.787379841057392,0.16185423174695507
0.9540934612787909,-0.8500334492959054,9.787379841057392,0.16229395252729295
0.9532426659880201,-0.849870738963857,9.787379841057392,0.16273556254104665
0.9523920316082588,-0.8497075949998071,9.787379841057392,0.16317907294242037
0.9515415585699247,-0.8495440155537066,9.787379841057392,0.16362449493970008
0.9506912473034356,-0.8493799987755071,9.787379841057392,0.16407183979554868
0.9498410989625373,-0.8492155393747767,9.787379841057392,0.16452112823384177
0.9489911147653103,-0.8490506317550891,9.787379841057392,0.1649723819333616
0.9481412952301624,-0.8488852736478846,9.787379841057392,0.1654256135672219
0.9472916408754993,-0.8487194627846166,9.787379841057392,0.16588083587229863
0.9464421522197262,-0.8485531968967387,9.787379841057392,0.16633806164963993
0.9455928297812485,-0.8483864737157045,9.787379841057392,0.16679730376483906
0.9447436740784714,-0.8482192909729676,9.787379841057392,0.16725857514841333
0.9438946856298004,-0.8480516463999814,9.787379841057392,0.16772188879618216
0.9430458649536408,-0.8478835377281997,9.787379841057392,0.16818725776964968
0.9421972125683981,-0.8477149626890759,9.787379841057392,0.168654695196388
0.9413487289924773,-0.8475459190140636,9.787379841057392,0.16912421427042346
0.9405004147442841,-0.8473764044346164,9.787379841057392,0.16959582825262587
0.9396522703422238,-0.8472064166821879,9.787379841057392,0.17006955047109815
0.9388042963047014,-0.8470359534882315,9.787379841057392,0.17054539432157131
0.9379564931501227,-0.846865012584201,9.787379841057392,0.1710233732677976
0.9371088613968929,-0.8466935917015498,9.787379841057392,0.1715035008419512
0.9362614015634172,-0.8465216885717315,9.787379841057392,0.17198579064502634
0.9354141141681012,-0.8463493009261998,9.787379841057392,0.17247025634724011
0.93456699972935,-0.8461764264964081,9.787379841057392,0.1729569116884387
0.9337200587655691,-0.84600306301381,9.787379841057392,0.1734457704785036
0.9328732917951638,-0.8458292082098591,9.787379841057392,0.1739368465977616
0.9320266993365395,-0.845654859816009,9.787379841057392,0.17443015399739675
0.9311802819081014,-0.8454800155637132,9.787379841057392,0.1749257066998648
0.930334040028255,-0.8453046731844254,9.787379841057392,0.1754235187993109
0.9294879742154057,-0.8451288304095989,9.787379841057392,0.17592360446198851
0.9286420849879587,-0.8449524849706875,9.787379841057392,0.17642597792667922
0.9277963728643195,-0.8447756345991447,9.787379841057392,0.17693065350512055
0.9269508383628934,-0.8445982770264241,9.787379841057392,0.17743764558242928
0.9261054820020855,-0.8444204099839793,9.787379841057392,0.17794696861753195
0.9252603043003016,-0.8442420312032637,9.787379841057392,0.1784586371435965
0.9244153057759467,-0.8440631384157309,9.787379841057392,0.17897266576846554
0.9235704869474263,-0.8438837293528346,9.787379841057392,0.17948906917509214
0.9227258483459213,-0.843703801256549,9.787379841057392,0.18000786353453954
0.9218813905357567,-0.8435233500989904,9.787379841057392,0.18052906877464303
0.9210371140427251,-0.8433423733285788,9.787379841057392,0.18105270065991497
0.9201930193889395,-0.8431608685347141,9.787379841057392,0.18157877462872568
0.919349107096513,-0.8429788333067961,9.787379841057392,0.1821073061999217
0.9185053776875585,-0.8427962652342251,9.787379841057392,0.18263831097330235
0.917661831684189,-0.8426131619064011,9.787379841057392,0.18317180463010305
0.9168184696085176,-0.842429520912724,9.787379841057392,0.18370780293347963
0.9159752919826575,-0.842245339842594,9.787379841057392,0.18424632172899386
0.9151322993287213,-0.8420606162854107,9.787379841057392,0.1847873769451048
0.9142894921688223,-0.8418753478305746,9.787379841057392,0.1853309845936597
0.9134468710250735,-0.8416895320674854,9.787379841057392,0.18587716077039085
0.9126044364195878,-0.8415031665855434,9.787379841057392,0.18642592165541297
0.9117621888744782,-0.8413162489741483,9.787379841057392,0.18697728351372458
0.9109201289118579,-0.8411287768227002,9.787379841057392,0.18753126269571208
0.9100782570538397,-0.8409407477205992,9.787379841057392,0.1880878756376551
0.9092365738225369,-0.8407521592572453,9.787379841057392,0.18864713886223816
0.9083950797400622,-0.8405630090220385,9.787379841057392,0.18920906897906214
0.9075537753285288,-0.8403732946043789,9.787379841057392,0.18977368268515862
0.9067126611100496,-0.8401830135936663,9.787379841057392,0.19034099676551033
0.9058717376067377,-0.839992163579301,9.787379841057392,0.19091102809356947
0.9050310053407061,-0.8398007421506827,9.787379841057392,0.19148379363178478
0.9041904648340678,-0.8396087468972117,9.787379841057392,0.1920593104321253
0.9033501166089359,-0.8394161754082877,9.787379841057392,0.19263759563661323
0.9025099611874233,-0.839223025273311,9.787379841057392,0.193218666477854
0.901669999091643,-0.8390292940816817,9.787379841057392,0.19380254027957358
0.9008302308437082,-0.8388349794227994,9.787379841057392,0.19438923445715808
0.8999906569657318,-0.8386400788860645,9.787379841057392,0.19497876651819143
0.8991512779798266,-0.8384445900608768,9.787379841057392,0.19557115406300485
0.898312094408106,-0.8382485105366364,9.787379841057392,0.19616641478522043
0.8974731067726828,-0.8380518379027433,9.787379841057392,0.19676456647230467
0.89663431559567,-0.8378545697485975,9.787379841057392,0.19736562700611945
0.8957957214611897,-0.8376567032539797,9.787379841057392,0.19796961561499166
0.894957325900731,-0.8374582293405559,9.787379841057392,0.19857657078753782
0.8941191298561383,-0.8372591428250649,9.787379841057392,0.19918651931435538
0.89328113393486,-0.8370594407331987,9.787379841057392,0.19979948135992176
0.8924433387443444,-0.83685912009065,9.787379841057392,0.20041547719995256
0.8916057448920397,-0.8366581779231111,9.787379841057392,0.20103452722210347
0.8907683529853944,-0.8364566112562746,9.787379841057392,0.20165665192667287
0.8899311636318564,-0.8362544171158326,9.787379841057392,0.20228187192731095
0.8890941774388744,-0.8360515925274777,9.787379841057392,0.20291020795173062
0.8882573950138964,-0.8358481345169023,9.787379841057392,0.20354168084242624
0.8874208169643709,-0.8356440401097988,9.787379841057392,0.20417631155739271
0.8865844438977462,-0.8354393063318595,9.787379841057392,0.2048141211708521
0.8857482764214704,-0.8352339302087769,9.787379841057392,0.2054551308739828
0.884912315142992,-0.8350279087662434,9.787379841057392,0.20609936197565362
0.884076560669759,-0.8348212390299515,9.787379841057392,0.20674683590316265
0.8832410136092201,-0.8346139180255935,9.787379841057392,0.20739757420298022
0.8824056745688234,-0.8344059427788618,9.787379841057392,0.20805159854149508
0.881570544156017,-0.8341973103154489,9.787379841057392,0.20870893070576763
0.8807356229782495,-0.833988017661047,9.787379841057392,0.20936959260428478
0.879900911642969,-0.8337780618413488,9.787379841057392,0.21003360626772077
0.8790664107576238,-0.8335674398820466,9.787379841057392,0.21070099384970298
0.8782321209296624,-0.8333561488088328,9.787379841057392,0.21137177762758103
0.8773980427665329,-0.8331441856473997,9.787379841057392,0.21204598000320032
0.8765641768756836,-0.8329315474234399,9.787379841057392,0.2127236235036805
0.8757305238645628,-0.8327182311626457,9.787379841057392,0.2134047307821992
0.874897084340619,-0.8325042338907094,9.787379841057392,0.2140893246187802
0.8740638589113002,-0.8322895526333236,9.787379841057392,0.2147774279210822
0.8732308481840548,-0.8320741844161806,9.787379841057392,0.21546906372520044
0.8723980527663312,-0.8318581262649729,9.787379841057392,0.21616425519646335
0.8715654732655775,-0.8316413752053929,9.787379841057392,0.21686302563024096
0.8707331102892422,-0.8314239282631329,9.787379841057392,0.2175653984527556
0.8699009644447735,-0.8312057824638855,9.787379841057392,0.21827139722189426
0.8690690363396196,-0.830986934833343,9.787379841057392,0.21898104562803153
0.8682374631938121,-0.8307664362709157,9.787379841057392,0.21969744445160608
0.8674059585594379,-0.8305462718374786,9.787379841057392,0.2204141576420731
0.8665746770019623,-0.83032537230463,9.787379841057392,0.22113467062947426
0.8657436191370452,-0.8301037346411916,9.787379841057392,0.22185900828933616
0.8649127855836991,-0.8298813557927662,9.787379841057392,0.22258719571503183
0.8640821769642894,-0.8296582326817367,9.787379841057392,0.2233192582194273
0.863251793904534,-0.8294343622072664,9.787379841057392,0.2240552213365345
0.8624216370335036,-0.8292097412452994,9.787379841057392,0.22479511082318035
0.8615917069836216,-0.8289843666485602,9.787379841057392,0.225538952660692
0.8607620043906643,-0.8287582352465533,9.787379841057392,0.2262867730565956
0.8599325298937603,-0.8285313438455643,9.787379841057392,0.22703859844632518
0.8591032841353913,-0.8283036892286587,9.787379841057392,0.22779445549495375
0.8582742677613913,-0.828075268155683,9.787379841057392,0.22855437109893165
0.8574454814209473,-0.8278460773632637,9.787379841057392,0.22931837238784605
0.8566169257665991,-0.8276161135648079,9.787379841057392,0.2300864867261892
0.8557886014542387,-0.8273853734505034,9.787379841057392,0.2308587417151464
0.8549605091431115,-0.8271538536873182,9.787379841057392,0.23163516519439808
0.854132649495815,-0.8269215509190008,9.787379841057392,0.23241578524393453
0.8533050231782998,-0.8266884617660801,9.787379841057392,0.2332006301858898
0.8524776308598689,-0.8264545828258658,9.787379841057392,0.23398972858638878
0.8516504732131782,-0.8262199106724476,9.787379841057392,0.23478310925741086
0.8508235509142362,-0.825984441856696,9.787379841057392,0.23558080125866868
0.8499968646424043,-0.8257481729062617,9.787379841057392,0.23638283389950315
0.8491704150803964,-0.8255111003255762,9.787379841057392,0.23718923674079542
0.8483442029142791,-0.8252732205958512,9.787379841057392,0.2380000395968933
0.8475182288334718,-0.8250345301750789,9.787379841057392,0.23881527253755627
0.8466924935307467,-0.824795025498032,9.787379841057392,0.23963496588991443
0.8458669977022284,-0.8245547029762635,9.787379841057392,0.24045915024044606
0.8450417420473945,-0.8243135589981073,9.787379841057392,0.24128785643697043
0.844216727269075,-0.8240715899286774,9.787379841057392,0.2421211155906593
0.843391954073453,-0.8238287921098683,9.787379841057392,0.24295895907806375
0.842567423170064,-0.8235851618603548,9.787379841057392,0.24380141854316006
0.8417431355271214,-0.8233406935440181,9.787379841057392,0.2446485325995178
0.8409190929604932,-0.8230953751142446,9.787379841057392,0.2455003623900334
0.8400952964163368,-0.8228492011060591,9.787379841057392,0.24635694656702053
0.8392717467363868,-0.82260216684661,9.787379841057392,0.24721832126443477
0.8384484447687461,-0.8223542676170076,9.787379841057392,0.24808452300244735
0.837625391367887,-0.8221054986523233,9.787379841057392,0.24895558869072795
0.836802587394651,-0.8218558551415907,9.787379841057392,0.24983155563175974
0.835980033716248,-0.8216053322278043,9.787379841057392,0.250712461524189
0.8351577312062575,-0.8213539250079209,9.787379841057392,0.2515983444662023
0.8343356807446278,-0.8211016285328585,9.787379841057392,0.252489242958942
0.8335138832176763,-0.8208484378074966,9.787379841057392,0.25338519590995323
0.8326923395180891,-0.8205943477906766,9.787379841057392,0.25428624263666305
0.8318710505449218,-0.8203393533952014,9.787379841057392,0.2551924228698962
0.8310500172035986,-0.8200834494878353,9.787379841057392,0.2561037767574243
0.830229240405913,-0.8198266308893044,9.787379841057392,0.2570203448675498
0.8294087210700272,-0.8195688923742964,9.787379841057392,0.25794216819272503
0.8285884601204728,-0.8193102286714605,9.787379841057392,0.25886928815320726
0.8277684584881502,-0.8190506344634075,9.787379841057392,0.25980174660074995
0.8269487171103287,-0.8187901043867098,9.787379841057392,0.26073958582233037
0.826129236930647,-0.8185286330319015,9.787379841057392,0.26168284854391166
0.8253100188991123,-0.8182662149434782,9.787379841057392,0.2626315779342455
0.8244910639721013,-0.818002844619897,9.787379841057392,0.2635858176087111
0.8236723731123593,-0.8177385165135769,9.787379841057392,0.2645456116331906
0.8228539472890011,-0.8174732250308981,9.787379841057392,0.2655110045279838
0.8220357874775099,-0.8172069645322027,9.787379841057392,0.26648204127176384
0.8212178946597385,-0.8169397293317943,9.787379841057392,0.2674587673055655
0.8204002698239083,-0.816671513697938,9.787379841057392,0.26844122853682284
0.8195829139646099,-0.8164023118528606,9.787379841057392,0.2694294713434372
0.8187658280828031,-0.8161321179727505,9.787379841057392,0.2704235425778908
0.8179490131858161,-0.8158609261877579,9.787379841057392,0.2714234895714001
0.8171324702873469,-0.8155887305819939,9.787379841057392,0.272429360138112
0.816316200407462,-0.8153155251935319,9.787379841057392,0.2734412025793363
0.815500204572597,-0.8150413040144068,9.787379841057392,0.27445906568782635
0.8146844838155566,-0.8147660609906147,9.787379841057392,0.2754829987520999
0.8138690391755145,-0.8144897900221136,9.787379841057392,0.27651305156080164
0.8130538716980134,-0.8142124849628232,9.787379841057392,0.27754927440711025
0.812238982434965,-0.8139341396206244,9.787379841057392,0.2785917180931903
0.8114243724404917,-0.8136547477005143,9.787379841057392,0.27964043414830136
0.8106100427181943,-0.8133743020837017,9.787379841057392,0.2806954775508607
0.8097959943136613,-0.8130927960923059,9.787379841057392,0.28175690199220893
0.8089822282973781,-0.8128102232556861,9.787379841057392,0.28282476074478763
0.8081687457460217,-0.8125265770547492,9.787379841057392,0.2838991076256354
0.807355547742462,-0.8122418509219502,9.787379841057392,0.284979997001256
0.8065426353757612,-0.8119560382412924,9.787379841057392,0.28606748379253427
0.8057300097411741,-0.8116691323483267,9.787379841057392,0.2871616234797028
0.8049176719401481,-0.8113811265301525,9.787379841057392,0.2882624721073591
0.8041056230803225,-0.8110920140254171,9.787379841057392,0.28937008628953115
0.8032938642755296,-0.8108017880243158,9.787379841057392,0.2904845232147974
0.8024823966457941,-0.8105104416685921,9.787379841057392,0.29160584065145645
0.801671221317333,-0.8102179680515372,9.787379841057392,0.29273409695274927
0.800860339422556,-0.809924360217991,9.787379841057392,0.2938693510621324
0.8000497521000649,-0.8096296111643406,9.787379841057392,0.2950116625186095
0.7992394604946543,-0.809333713838522,9.787379841057392,0.29616109146211134
0.7984294657573112,-0.8090366611400188,9.787379841057392,0.29731769863893226
0.7976197690452149,-0.8087384459198627,9.787379841057392,0.2984815454072239
0.7968103715217374,-0.8084390609806333,9.787379841057392,0.29965269374253983
0.7960012743564431,-0.8081384990764587,9.787379841057392,0.30083120624344095
0.7951924787250887,-0.8078367529130147,9.787379841057392,0.30201714613715386
0.7943839858096235,-0.8075338151475253,9.787379841057392,0.30321057728528894
0.7935757967981893,-0.8072296783887625,9.787379841057392,0.3044115641896161
0.7927679128851205,-0.8069243351970463,9.787379841057392,0.30562017199789737
0.7919603352709437,-0.8066177780842448,9.787379841057392,0.3068364665097807
0.7911530651623779,-0.8063099995137745,9.787379841057392,0.30806051418274977
0.790346103772335,-0.8060009919005993,9.787379841057392,0.309292382138141
0.7895394523199191,-0.8056907476112315,9.787379841057392,0.31053213816721353
0.7887331120304265,-0.8053792589637315,9.787379841057392,0.31177985073728476
0.7879270841353466,-0.8050665182277079,9.787379841057392,0.31303558899792755
0.7871213698723607,-0.8047525176243169,9.787379841057392,0.31429942278723266
0.7863159704853427,-0.8044372493262631,9.787379841057392,0.31557142263812715
0.7855108872243595,-0.8041207054577991,9.787379841057392,0.31685165978476565
0.7847061213456694,-0.8038028780947256,9.787379841057392,0.31814020616897964
0.7839016741117243,-0.8034837592643911,9.787379841057392,0.31943713444679755
0.7830975467911679,-0.8031633409456925,9.787379841057392,0.3207425179950234
0.7822937406588364,-0.8028416150690745,9.787379841057392,0.32205643091789155
0.7814902569961325,-0.8025185735117194,9.787379841057392,0.32337894807349693
0.7806870974183758,-0.8021942038841143,9.787379841057392,0.3247101623939995
0.7798842635386215,-0.8018684938571466,9.787379841057392,0.32605016728198155
0.7790817567065378,-0.8015414345230893,9.787379841057392,0.3273990427352743
0.7782795782792751,-0.8012130169091635,9.787379841057392,0.32875686961097733
0.777477729621466,-0.8008832319775382,9.787379841057392,0.33012372963372666
0.7766762121052253,-0.8005520706253313,9.787379841057392,0.3314997054040531
0.7758750271101498,-0.8002195236846084,9.787379841057392,0.3328848804068327
0.7750741760233185,-0.7998855819223835,9.787379841057392,0.3342793390198211
0.7742736602392926,-0.7995502360406188,9.787379841057392,0.33568316652228897
0.7734734811601153,-0.7992134766762248,9.787379841057392,0.33709644910374253
0.7726736401953122,-0.7988752944010601,9.787379841057392,0.33851927387274094
0.7718741387618907,-0.7985356797219316,9.787379841057392,0.33995172886581043
0.7710749782843408,-0.7981946230805944,9.787379841057392,0.34139390305644973
0.7702761601946342,-0.7978521148537517,9.787379841057392,0.3428458863642364
0.769477685932225,-0.7975081453530553,9.787379841057392,0.34430776966402854
0.7686795569440492,-0.7971627048251047,9.787379841057392,0.34577964479526657
0.7678817746845255,-0.796815783451448,9.787379841057392,0.34726160457137495
0.7670843406155541,-0.7964673713485814,9.787379841057392,0.3487537427892651
0.7662872562065177,-0.7961174585679494,9.787379841057392,0.35025615423893847
0.7654905229342811,-0.7957660350959445,9.787379841057392,0.3517689347131964
0.7646941422831911,-0.7954130908539075,9.787379841057392,0.35329218101745186
0.7638981157450768,-0.7950586156981279,9.787379841057392,0.35482599097964423
0.7631024448192495,-0.7947025994198426,9.787379841057392,0.3563704634602683
0.7623071310125025,-0.7943450317452373,9.787379841057392,0.3579256983625004
0.7615121758391112,-0.7939859023354457,9.787379841057392,0.35949179664244346
0.7607175808208334,-0.79362520078655,9.787379841057392,0.36106886031947394
0.7599233474869088,-0.7932629166295802,9.787379841057392,0.3626569924867034
0.7591294773740594,-0.7928990393305146,9.787379841057392,0.3642562973215542
0.7583359720264893,-0.7925335582902803,9.787379841057392,0.3658668800964418
0.7575428329958845,-0.7921664628447517,9.787379841057392,0.36748884718958075
0.7567500618414137,-0.7917977422647521,9.787379841057392,0.3691223060958964
0.7559576601297272,-0.7914273857560529,9.787379841057392,0.3707673654380612
0.7551656294349578,-0.7910553824593735,9.787379841057392,0.37242413497764604
0.7543739713387203,-0.7906817214503816,9.787379841057392,0.3740927256263898
0.7535826874301116,-0.7903063917396934,9.787379841057392,0.37577324945759083
0.7527917793057107,-0.7899293822728729,9.787379841057392,0.37746581971761983
0.7520012485695792,-0.7895506819304327,9.787379841057392,0.3791705508375542
0.7512110971708424,-0.7891702756780208,9.787379841057392,0.3808875758451044
0.7504213276035142,-0.7887881422876207,9.787379841057392,0.38261705693933457
0.7496319416460469,-0.7884042687118028,9.787379841057392,0.38435912056148896
0.7488429410528927,-0.788018642197108,9.787379841057392,0.3861138928405244
0.7480543275896055,-0.7876312498837548,9.787379841057392,0.38788150141325545
0.7472661030328398,-0.7872420788056377,9.787379841057392,0.3896620754403329
0.7464782691703518,-0.7868511158903287,9.787379841057392,0.39145574562240604
0.7456908278009982,-0.7864583479590768,9.787379841057392,0.39326264421647783
0.7449037807347372,-0.7860637617268074,9.787379841057392,0.3950829050524545
0.7441171297926285,-0.785667343802123,9.787379841057392,0.39691666354988897
0.7433308768068321,-0.7852690806873031,9.787379841057392,0.39876405673492
0.74254502362061,-0.7848689587783039,9.787379841057392,0.40062522325741434
0.7417595720883249,-0.7844669643647586,9.787379841057392,0.4025003034083097
0.7409745240754406,-0.7840630836299773,9.787379841057392,0.4043894391371625
0.7401898814585223,-0.7836573026509471,9.787379841057392,0.40629277406990255
0.7394056461252361,-0.7832496073983316,9.787379841057392,0.40821045352679786
0.7386218199743494,-0.7828399837364716,9.787379841057392,0.4101426245406295
0.7378384049157308,-0.7824284174233848,9.787379841057392,0.41208943587508207
0.7370554028703498,-0.7820148941107656,9.787379841057392,0.4140510380433506
0.7362728157702773,-0.7815993993439855,9.787379841057392,0.41602758332696826
0.7354906455586852,-0.7811819185620926,9.787379841057392,0.4180192257948523
0.7347088941898466,-0.7807624370978122,9.787379841057392,0.4200261213225778
0.7339275636291359,-0.7803409401775464,9.787379841057392,0.4220484276118748
0.7331466558530282,-0.7799174129213741,9.787379841057392,0.42408630421035853
0.7323661728491003,-0.7794918403430511,9.787379841057392,0.4261399125314891
0.7315861166160297,-0.77906420735001,9.787379841057392,0.42820941587476663
0.7308064891635953,-0.7786344987433607,9.787379841057392,0.4302949794461623
0.7300272925126771,-0.7782026992178894,9.787379841057392,0.4323967703787924
0.7292485286952561,-0.7777687933620596,9.787379841057392,0.43451495775383053
0.7284701997544148,-0.7773327656580117,9.787379841057392,0.43664971262166863
0.7276923077443365,-0.7768946004815626,9.787379841057392,0.4388012080233256
0.7269148550346091,-0.7764542781982938,9.787379841057392,0.44096963826568236
0.7261378445803682,-0.7760117716978758,9.787379841057392,0.4431552363696371
0.7253612786287507,-0.7755670629890109,9.787379841057392,0.4453581923063727
0.7245851593971039,-0.7751201344986519,9.787379841057392,0.44757869564393926
0.7238094891174482,-0.7746709685016115,9.787379841057392,0.4498169383795672
0.7230342700364768,-0.774219547120562,9.787379841057392,0.4520731149674712
0.7222595044155549,-0.773765852326035,9.787379841057392,0.45434742234700676
0.7214851945307204,-0.7733098659364221,9.787379841057392,0.4566400599711816
0.7207113426726838,-0.7728515696179742,9.787379841057392,0.4589512298355305
0.7199379511468279,-0.7723909448848019,9.787379841057392,0.4612811365073458
0.7191650222732086,-0.7719279730988753,9.787379841057392,0.4636299871552877
0.7183925583865536,-0.7714626354700241,9.787379841057392,0.46599799157935845
0.7176205618362635,-0.7709949130559378,9.787379841057392,0.4683853622412605
0.7168490349864117,-0.7705247867621653,9.787379841057392,0.4707923142951317
0.7160779802157434,-0.7700522373421149,9.787379841057392,0.4732190656186769
0.715307399917677,-0.769577245397055,9.787379841057392,0.4756658368446772
0.7145372965003031,-0.7690997913761132,9.787379841057392,0.47813285139290895
0.7137676723863847,-0.7686198555762767,9.787379841057392,0.48062033550245636
0.712998530013358,-0.7681374181423924,9.787379841057392,0.4831285182644316
0.7122298718333308,-0.7676524590671668,9.787379841057392,0.48565763165510745
0.7114617003130841,-0.7671649581911661,9.787379841057392,0.4882079105694606
0.710694017934071,-0.7666748952028158,9.787379841057392,0.49077959285514244
0.7099268271924176,-0.7661822496384012,9.787379841057392,0.49337291934686894
0.7091601305989222,-0.7656870008820671,9.787379841057392,0.4959881339012433
0.7083939306790555,-0.7651891281658179,9.787379841057392,0.49862548343201324
0.7076282299729612,-0.7646886105695175,9.787379841057392,0.5012852179457687
0.7068630310354549,-0.7641854270208898,9.787379841057392,0.503967590578085
0.7060983364360254,-0.7636795562955178,9.787379841057392,0.5066728576301146
0.7053341487588334,-0.7631709770168443,9.787379841057392,0.5094012786056358
0.7045704706027126,-0.7626596676561717,9.787379841057392,0.5121531162485625
0.703807304581169,-0.762145606532662,9.787379841057392,0.5149286365809149
0.7030446536876532,-0.761628766766391,9.787379841057392,0.5177281363223855
0.7022825217577945,-0.7611091098916821,9.787379841057392,0.5205519781331833
0.7015209117095464,-0.7605866101729296,9.787379841057392,0.5234004588921164
0.7007598264099627,-0.7600612426283938,9.787379841057392,0.5262738742195675
0.6999992687478882,-0.7595329820258415,9.787379841057392,0.5291725239612682
0.6992392416339585,-0.7590018028825466,9.787379841057392,0.5320967122413519
0.6984797480005996,-0.7584676794652897,9.787379841057392,0.5350467475161439
0.697720790802029,-0.7579305857903581,9.787379841057392,0.5380229426286944
0.6969623730142542,-0.757390495623546,9.787379841057392,0.5410256148640571
0.6962044976350743,-0.7568473824801542,9.787379841057392,0.5440550860053326
0.6954471676840784,-0.7563012196249905,9.787379841057392,0.5471116823904806
0.6946903862026472,-0.7557519800723695,9.787379841057392,0.550195734969917
0.6939341562539515,-0.7551996365861124,9.787379841057392,0.5533075793648992
0.6931784809229533,-0.7546441616795474,9.787379841057392,0.5564475559267109
0.6924233633164053,-0.7540855276155092,9.787379841057392,0.5596160097966684
0.691668806562851,-0.7535237064063396,9.787379841057392,0.5628132909669361
0.6909148138126245,-0.7529586698138869,9.787379841057392,0.5660397543421867
0.6901613882378512,-0.7523903893495066,9.787379841057392,0.5692957598020973
0.6894085330324469,-0.7518188362740605,9.787379841057392,0.572581672264705
0.6886562514121181,-0.7512439815979176,9.787379841057392,0.5758978617506215
0.6879045466143623,-0.7506657960809533,9.787379841057392,0.5792447034481297
0.687153421898468,-0.7500842502325502,9.787379841057392,0.5826225777791606
0.6864028805455139,-0.7494993143115974,9.787379841057392,0.586031870466173
0.6856529258583703,-0.7489109583264909,9.787379841057392,0.5894729725999385
0.6849035611616977,-0.7483191520351334,9.787379841057392,0.5929462807082436
0.6841547899823273,-0.7477238622108352,9.787379841057392,0.5964522129559492
0.6834066168340971,-0.7471250407461989,9.787379841057392,0.5999912799277588
0.6826590454550812,-0.7465226513722301,9.787379841057392,0.6035639274823851
0.6819120794388185,-0.7459166600905197,9.787379841057392,0.607170592628188
0.6811657224073228,-0.7453070325508561,9.787379841057392,0.6108117190290034
0.6804199780110822,-0.7446937340512242,9.787379841057392,0.6144877570937466
0.6796748499290596,-0.7440767295378061,9.787379841057392,0.6181991640673091
0.6789303418686925,-0.7434559836049809,9.787379841057392,0.6219464041227853
0.678186457565893,-0.7428314604953244,9.787379841057392,0.6257299484550353
0.6774432007850478,-0.7422031240996098,9.787379841057392,0.6295502753756084
0.6767005753190184,-0.7415709379568066,9.787379841057392,0.6334078704090427
0.6759585849891405,-0.740934865254082,9.787379841057392,0.6373032263905557
0.675217233645225,-0.7402948688267995,9.787379841057392,0.6412368435651552
0.6744765251655571,-0.7396509111585202,9.787379841057392,0.6452092296881669
0.6737364634568965,-0.7390029543810016,9.787379841057392,0.6492209001272283
0.6729970524544779,-0.7383509602741986,9.787379841057392,0.6532723779657349
0.6722582961220104,-0.7376948902662626,9.787379841057392,0.6573641941077847
0.6715201984516775,-0.7370347054335423,9.787379841057392,0.6614968873846142
0.6707827634641379,-0.7363703665005835,9.787379841057392,0.665671004662567
0.6700459952085243,-0.7357018338401284,9.787379841057392,0.6698871009526042
0.6693098977624445,-0.7350290674731168,9.787379841057392,0.6741457395213649
0.6685744752319809,-0.734352027068685,9.787379841057392,0.678447492003817
0.66783973175169,-0.7336706719441664,9.787379841057392,0.6827929385174959
0.6671056714846036,-0.7329849610650914,9.787379841057392,0.6871826677783685
0.6663722986222277,-0.7322948530451874,9.787379841057392,0.6916172772183214
0.665639617477266,-0.7316003046271755,9.787379841057392,0.6960973829223793
0.6649076337296018,-0.7309012502681388,9.787379841057392,0.700623752373702
0.664176352363359,-0.7301976359394757,9.787379841057392,0.7051970871945447
0.6634457779798825,-0.7294894139989143,9.787379841057392,0.7098180553500903
0.6627159152222312,-0.7287765362354501,9.787379841057392,0.714487336088676
0.6619867687751791,-0.7280589538693468,9.787379841057392,0.7192056201069602
0.6612583433652147,-0.7273366175521353,9.787379841057392,0.7239736097176825
0.660530643760541,-0.7266094773666145,9.787379841057392,0.7287920190200379
0.6598036747710762,-0.7258774828268513,9.787379841057392,0.7336615740727147
0.6590774412484522,-0.72514058287818,9.787379841057392,0.7385830130696294
0.6583519480860165,-0.7243987258972024,9.787379841057392,0.7435570865183938
0.6576272002188306,-0.7236518596917889,9.787379841057392,0.7485845574215431
0.656903202623671,-0.7228999315010768,9.787379841057392,0.7536662014605839
0.6561799603190286,-0.7221428879954714,9.787379841057392,0.7588028071828733
0.6554574783651091,-0.721380675276646,9.787379841057392,0.7639951761913817
0.6547357618638329,-0.7206132388775411,9.787379841057392,0.7692441233373716
0.6540148159588347,-0.7198405237623656,9.787379841057392,0.7745504769160279
0.6532946458354643,-0.7190624743265956,9.787379841057392,0.779915078865079
0.6525752567207858,-0.7182790343969752,9.787379841057392,0.7853387849664409
0.651856653883578,-0.7174901472315162,9.787379841057392,0.7908224650509245
0.6511388426343346,-0.7166957555194979,9.787379841057392,0.7963670032060393
0.6504218288643702,-0.7158957917635171,9.787379841057392,0.8019733655305608
0.649705619317072,-0.7150901734402217,9.787379841057392,0.8076426358686476
0.648990219740222,-0.7142788359638671,9.787379841057392,0.8133757847510572
0.6482756358920936,-0.7134617147370128,9.787379841057392,0.8191737945714183
0.6475618735849893,-0.7126387443737977,9.787379841057392,0.8250376652872506
0.6468489386852398,-0.7118098586999407,9.787379841057392,0.8309684146930201
0.6461368371132049,-0.7109749907527404,9.787379841057392,0.8369670786976173
0.6454255748432725,-0.710134072781075,9.787379841057392,0.8430347116063066
0.6447151579038591,-0.7092870362454025,9.787379841057392,0.849172386407213
0.6440055923774105,-0.7084338118177606,9.787379841057392,0.8553811950623926
0.6432968844004003,-0.7075743293817668,9.787379841057392,0.8616622488035527
0.6425890401633314,-0.7067085180326185,9.787379841057392,0.8680166784324709
0.6418820659107349,-0.7058363060770925,9.787379841057392,0.8744456346261735
0.6411759679411706,-0.7049576210335455,9.787379841057392,0.8809502882469205
0.640470752607227,-0.704072389631914,9.787379841057392,0.8875318306570611
0.6397664263155212,-0.7031805378137141,9.787379841057392,0.8941914740387994
0.6390629955266989,-0.7022819907320419,9.787379841057392,0.9009304517189383
0.6383604667554345,-0.7013766727515729,9.787379841057392,0.9077500184986312
0.6376588465704308,-0.7004645074485624,9.787379841057392,0.9146514509882184
0.6369581415944195,-0.6995454176108457,9.787379841057392,0.9216360479471617
0.6362583585679673,-0.6986193240125461,9.787379841057392,0.9287051400028755
0.6355595058874617,-0.6976861158797332,9.787379841057392,0.9358603171639535
0.6348615913883157,-0.696745693460121,9.787379841057392,0.9431031058932502
0.6341646223523738,-0.6957979678808515,9.787379841057392,0.9504349686119749
0.633468606139278,-0.694842849024206,9.787379841057392,0.9578573965135917
0.6327735501864675,-0.6938802455276065,9.787379841057392,0.9653719100437022
0.6320794620091794,-0.6929100647836146,9.787379841057392,0.9729800593880414
0.6313863492004481,-0.6919322129399319,9.787379841057392,0.9806834249686918
0.6306942194311053,-0.6909465948994001,9.787379841057392,0.9884836179485962
0.6300030804497805,-0.6899531143200011,9.787379841057392,0.9963822807444817
0.6293129400829005,-0.6889516736148559,9.787379841057392,1.0043810875482733
0.6286238062346898,-0.6879421739522266,9.787379841057392,1.0124817448570718
0.62793568688717,-0.6869245152555146,9.787379841057392,1.0206859920118212
0.6272485901001607,-0.6858985962032615,9.787379841057392,1.0289956017446955
0.6265625240112785,-0.6848643142291488,9.787379841057392,1.0374123807353213
0.6258774968359379,-0.683821565521998,9.787379841057392,1.045938170175887
0.6251935168673506,-0.6827702450257708,9.787379841057392,1.0545748463452167
0.6245105925965367,-0.681710243953659,9.787379841057392,1.0633243417600424
0.6238287341418742,-0.680641420176341,9.787379841057392,1.0721888924403995
0.6231479508734927,-0.6795636474303742,9.787379841057392,1.0811706338780307
0.622468251811258,-0.6784768070743455,9.787379841057392,1.0902716675147586
0.6217896460750079,-0.6773807787626508,9.787379841057392,1.0994941382853143
0.6211121428845527,-0.6762754404454947,9.787379841057392,1.1088402353753288
0.6204357515596751,-0.6751606683688911,9.787379841057392,1.1183121929920046
0.6197604815201301,-0.6740363370746627,9.787379841057392,1.1279122911475594
0.6190863422856449,-0.6729023194004412,9.787379841057392,1.1376428564555299
0.6184133434759194,-0.6717584864796674,9.787379841057392,1.1475062629400237
0.6177414948106255,-0.670604707741591,9.787379841057392,1.1575049328579765
0.6170708061094077,-0.6694408509112708,9.787379841057392,1.1676413375344894
0.6164012872918826,-0.6682667820095746,9.787379841057392,1.1779179982112813
0.6157329483776395,-0.6670823653531787,9.787379841057392,1.1883374869082999
0.6150657994862397,-0.6658874635545692,9.787379841057392,1.1989024272984936
0.614399850837217,-0.6646819375220405,9.787379841057392,1.209615495595785
0.6137351127500779,-0.6634656464596964,9.787379841057392,1.2204794214562058
0.6130715959067012,-0.6622384420533466,9.787379841057392,1.2314970412239437
0.6124093131292838,-0.6610001290760034,9.787379841057392,1.2426716566231837
0.6117482760813309,-0.6597505384851245,9.787379841057392,1.2540063815661626
0.6110884961450554,-0.6584895079817789,9.787379841057392,1.265504314452226
0.6104299848441168,-0.6572168726438958,9.787379841057392,1.2771686232974029
0.6097727538436202,-0.6559324649262658,9.787379841057392,1.2890025470071018
0.6091168149501173,-0.6546361146605397,9.787379841057392,1.3010093966694225
0.6084621801116055,-0.6533276490552294,9.787379841057392,1.3131925568690792
0.6078088614175287,-0.6520068926957076,9.787379841057392,1.3255554870219086
0.6071568710987767,-0.6506736675442072,9.787379841057392,1.3381017227298928
0.6065062215276856,-0.6493277929398225,9.787379841057392,1.350834877156602
0.6058569252180374,-0.6479690855985081,9.787379841057392,1.3637586424229136
0.6052089948250603,-0.6465973596130795,9.787379841057392,1.3768767910228294
0.6045624431454286,-0.6452124264532131,9.787379841057392,1.3901931772591627
0.6039172833088233,-0.643814090440201,9.787379841057392,1.4037117825665246
0.603273530504638,-0.6424021079568524,9.787379841057392,1.4174371157808328
0.6026311989993052,-0.6409762579073959,9.787379841057392,1.4313735362615525
0.6019903027734554,-0.6395363266658425,9.787379841057392,1.4455253971825228
0.601350855987966,-0.6380820970664678,9.787379841057392,1.4598971535374066
0.6007128729839611,-0.6366133484038131,9.787379841057392,1.4744933640259026
0.6000763682828123,-0.6351298564326842,9.787379841057392,1.4893186929661923
0.5994413565861377,-0.633631393368152,9.787379841057392,1.5043779122330188
0.5988078527758027,-0.6321177278855526,9.787379841057392,1.5196759032208147
0.5981758719139196,-0.6305886251204869,9.787379841057392,1.5352176588311355
0.5975454292428478,-0.629043846668821,9.787379841057392,1.551008285483559
0.5969165401851935,-0.6274831505866857,9.787379841057392,1.5670530051491232
0.59628922034381,-0.6259062913904772,9.787379841057392,1.5833571574052063
0.5956634855017977,-0.6243130200568564,9.787379841057392,1.59992620151068
0.5950393518465062,-0.6227030784205597,9.787379841057392,1.6167657772673543
0.5944168387050341,-0.6210761307609461,9.787379841057392,1.6338824307025
0.5937959641371796,-0.6194318740200605,9.787379841057392,1.6512824693686305
0.5931767456025739,-0.6177700211179745,9.787379841057392,1.6689721317905977
0.59255920080126,-0.616090279930342,9.787379841057392,1.686957809496101
0.5919433476736919,-0.614392353288399,9.787379841057392,1.7052460498216286
0.5913292044007354,-0.612675938978964,9.787379841057392,1.723843558743366
0.5907167894036676,-0.6109407297444372,9.787379841057392,1.7427572037306422
0.590106121344177,-0.6091864132828018,9.787379841057392,1.7619940166191768
0.5894972191243636,-0.6074126722476226,9.787379841057392,1.7815611965011424
0.5888901018867391,-0.6056191842480471,9.787379841057392,1.8014661126287095
0.5882847890142261,-0.6038056218488047,9.787379841057392,1.821716307327371
0.5876813001301593,-0.6019716525702071,9.787379841057392,1.8423194989150555
0.5870796550982843,-0.6001169388881485,9.787379841057392,1.8632835846225206
0.5864798741983408,-0.5982411336370731,9.787379841057392,1.884616695952087
0.585881981197288,-0.5963437996001429,9.787379841057392,1.906328126192629
0.585285998975806,-0.5944245240147442,9.787379841057392,1.928427041178684
0.5846919497341952,-0.5924829131817022,9.787379841057392,1.9509225348246844
0.5840998560218279,-0.5905185655125025,9.787379841057392,1.9738239388404086
0.5835097407371488,-0.5885310715292921,9.787379841057392,1.9971408268608604
0.582921627127675,-0.5865200138648781,9.787379841057392,2.0208830185670554
0.5823355387899958,-0.5844849672627281,9.787379841057392,2.045060583788691
0.5817514996697725,-0.582425498576971,9.787379841057392,2.0696838465788945
0.5811695340617391,-0.5803411667723954,9.787379841057392,2.094763389250296
0.5805896666097017,-0.5782315229244518,9.787379841057392,2.120310056360543
0.5800119225833166,-0.5760961025846509,9.787379841057392,2.146335051977938
0.5794363300414641,-0.5739343661063937,9.787379841057392,2.172850680853715
0.5788629161260085,-0.5717458008773373,9.787379841057392,2.1998691129155947
0.5782917078948084,-0.5695298983417331,9.787379841057392,2.2274026598625745
0.5777227328344157,-0.5672861398582674,9.787379841057392,2.2554639515771937
0.5771560188600737,-0.5650139967000597,9.787379841057392,2.2840659406137513
0.5765915943157186,-0.5627129300546638,9.787379841057392,2.313221906541379
0.5760294879739787,-0.5603823910240675,9.787379841057392,2.3429454601175776
0.5754697290361743,-0.5580218206246922,9.787379841057392,2.3732505472654934
0.5749123471323189,-0.5556306497873942,9.787379841057392,2.404151452825779
0.5743573723211173,-0.553208299357463,9.787379841057392,2.4356628040514274
0.5738048358901106,-0.5507541578869225,9.787379841057392,2.467799865585073
0.5732547734281666,-0.5482674963586103,9.787379841057392,2.5005796799231628
0.5727072183710352,-0.5457476473270386,9.787379841057392,2.534018732433684
0.5721622041930716,-0.5431939440878871,9.787379841057392,2.5681337378405584
0.5716197649290486,-0.5406057061952727,9.787379841057392,2.6029418328321254
0.571079935174157,-0.5379822394617514,9.787379841057392,2.6384605791612548
0.5705427500840053,-0.5353228359583173,9.787379841057392,2.6747079661989597
0.57000824537462,-0.532626774014403,9.787379841057392,2.711702412875384
0.5694764573224451,-0.52989331821788,9.787379841057392,2.749462768936212
0.5689474227643428,-0.5271217194150577,9.787379841057392,2.7880083154363433
0.5684211790975928,-0.5243112147106839,9.787379841057392,2.8273587643857927
0.5678977656140299,-0.5214609909960354,9.787379841057392,2.8675347732818457
0.5673772260267943,-0.5185701158739575,9.787379841057392,2.9085589437188513
0.5668596018210245,-0.5156377194340563,9.787379841057392,2.95045326314648
0.5663449349694086,-0.5126629200163935,9.787379841057392,2.993240135413833
0.5658332682177263,-0.509644816405516,9.787379841057392,3.036942487367527
0.5653246450848485,-0.506582487830456,9.787379841057392,3.081583764251832
0.5648191098627374,-0.5034749939647303,9.787379841057392,3.127187923405978
0.5643167076164469,-0.5003213749263414,9.787379841057392,3.1737794260791126
0.5638174841841218,-0.49712065127777616,9.787379841057392,3.2213832271678706
0.5633214879159163,-0.49387178062624565,9.787379841057392,3.2700254145991923
0.5628287699122692,-0.49057365167681355,9.787379841057392,3.319733305806806
0.5623393800110126,-0.4872251843858145,9.787379841057392,3.37053393017938
0.5618533689497769,-0.4838252759917297,9.787379841057392,3.4224548097569722
0.5613707884010467,-0.48037280014025746,9.787379841057392,3.4755239500331316
0.5608916909721611,-0.47686660688431504,9.787379841057392,3.5297698139776386
0.5604161302053129,-0.4733055226840376,9.787379841057392,3.585221291971565
0.5599441605775501,-0.4696883504067799,9.787379841057392,3.6419076672599915
0.5594758375147063,-0.4660138690363167,9.787379841057392,3.6998585810961084
0.5590112212056497,-0.46228075405854074,9.787379841057392,3.7591052555174165
0.5585503734923875,-0.4584876423739042,9.787379841057392,3.8196794422629075
0.5580933550241565,-0.45463319169970173,9.787379841057392,3.8816124151422238
0.557640227619657,-0.4507160312634881,9.787379841057392,3.944935682956938
0.5571910542670523,-0.44673476180307536,9.787379841057392,4.009680919424265
0.556745899123969,-0.44268795556653506,9.787379841057392,4.075879884544016
0.5563048275174965,-0.43857415631219726,9.787379841057392,4.143564336633562
0.5558679059441879,-0.43439187930865036,9.787379841057392,4.212765934196293
0.5554352023201802,-0.4301396088668957,9.787379841057392,4.283516167899062
0.5550067910620268,-0.42581574820976087,9.787379841057392,4.35584708127283
0.5545827464274571,-0.42141868517602094,9.787379841057392,4.429790051534105
0.5541631424063655,-0.4169467932959722,9.787379841057392,4.505375616084699
0.5537480544245369,-0.41239841498143204,9.787379841057392,4.582633587893766
0.5533375593436473,-0.40777186152574113,9.787379841057392,4.661592875097206
0.5529317354612631,-0.4030654131037602,9.787379841057392,4.742281282356684
0.5525306625108417,-0.3982773187718723,9.787379841057392,4.824725292516978
0.5521344216617312,-0.3934057964679818,9.787379841057392,4.908949827015389
0.5517430962752554,-0.388449048267836,9.787379841057392,4.994977718143786
0.5513567765147108,-0.3834053534058166,9.787379841057392,5.08282779447955
0.5509755512842188,-0.3782729056166323,9.787379841057392,5.172517385448875
0.5505995102798408,-0.37304985452283307,9.787379841057392,5.264061273510537
0.5502287448920504,-0.3677343238449573,9.787379841057392,5.357471009526002
0.5498633482057339,-0.3623244114015313,9.787379841057392,5.452754512513526
0.5495034150001901,-0.35681818910907176,9.787379841057392,5.549915636453342
0.5491490417491304,-0.35121370298208193,9.787379841057392,5.648953702253758
0.5488003266206787,-0.3455089731330543,9.787379841057392,5.749862992996002
0.5484573701800777,-0.33970209247145516,9.787379841057392,5.852630463747784
0.548120277048678,-0.3337914597178789,9.787379841057392,5.957231037727611
0.5477891523891343,-0.327775285730462,9.787379841057392,6.063635744158888
0.5474641031525492,-0.3216517686731261,9.787379841057392,6.1718079842832525
0.5471452382336733,-0.3154191158142692,9.787379841057392,6.281702472484527
0.5468326684709052,-0.3090755435267647,9.787379841057392,6.393264528479802
0.5465265056405499,-0.30261942476110026,9.787379841057392,6.506426755669588
0.546226861358796,-0.2960494500500771,9.787379841057392,6.621105522181292
0.5459338504091706,-0.28936413959950674,9.787379841057392,6.737208775912745
0.5456475893349034,-0.2825620496919177,9.787379841057392,6.854631635599735
0.5453681963692797,-0.2756417828988145,9.787379841057392,6.973255429741334
0.545095791435641,-0.2686019880806771,9.787379841057392,7.092946909969359
0.5448304944585367,-0.2614416590076258,9.787379841057392,7.213552461962025
0.5445724245564351,-0.25416027710341804,9.787379841057392,7.3348952476319695
0.5443217035282055,-0.24675719496886406,9.787379841057392,7.456785063437223
0.5440784543282726,-0.2392319060037569,9.787379841057392,7.579013232913558
0.5438428003005026,-0.23158411226564088,9.787379841057392,7.701351110537297
0.5436148616707596,-0.22381402716794824,9.787379841057392,7.823545141296434
0.5433947607004951,-0.21592193071680657,9.787379841057392,7.945324041338227
0.543182620488386,-0.20790827293166372,9.787379841057392,8.066397179124817
0.5429785644214856,-0.1997737208755685,9.787379841057392,8.186454133589159
0.5427827105038591,-0.19151963615295203,9.787379841057392,8.305158446614083
0.5425951759764959,-0.1831476859383427,9.787379841057392,8.422154734503229
0.542416079190878,-0.17465968523220757,9.787379841057392,8.537072128534621
0.5422455378660792,-0.16605774360365744,9.787379841057392,8.649523660238096
0.5420836648386016,-0.15734450196411892,9.787379841057392,8.759105235001083
0.5419305653749329,-0.14852328228293604,9.787379841057392,8.865396722698968
0.5417863468023685,-0.1395975510608856,9.787379841057392,8.967971684582908
0.5416511144166859,-0.13057114731080363,9.787379841057392,9.066397551203776
0.5415249696663412,-0.12144833473521308,9.787379841057392,9.160238657542846
0.5414080010249602,-0.11223405340328882,9.787379841057392,9.249057949330584
0.5413002969632764,-0.10293356206970752,9.787379841057392,9.33242529293415
0.5412019431807854,-0.09355251450749129,9.787379841057392,9.409921188245296
0.5411130213017482,-0.08409698744429381,9.787379841057392,9.481141334652136
0.5410335993998396,-0.07457338903116123,9.787379841057392,9.545702223428098
0.5409637392261561,-0.06498852866458424,9.787379841057392,9.603245463953805
0.5409034999545813,-0.05534965316647618,9.787379841057392,9.653442570686831
0.5408529350606132,-0.04566441663385426,9.787379841057392,9.696000090894344
0.5408120880315005,-0.03594059364836123,9.787379841057392,9.73066520375856
0.5407809889466181,-0.026185850663854964,9.787379841057392,9.757229442084618
0.540759665110223,-0.016408456838700923,9.787379841057392,9.775529470777032
0.5407481366623942,-0.006616990613665507,9.787379841057392,9.785451632339717
0.540746415755745,0.0031797956373628283,9.787379841057392,9.786934526632356
0.5407545018962849,0.012973811813415857,9.787379841057392,9.779969511706346
0.5407723871297108,0.022756699268890512,9.787379841057392,9.76459981568931
0.5408000554132706,0.0325199686527009,9.787379841057392,9.740920803290143
0.5408374834007841,0.042255500593159454,9.787379841057392,9.70907759738167
0.5408846395581915,0.051955260915852376,9.787379841057392,9.669263174911674
0.540941483814363,0.061611188227704845,9.787379841057392,9.621716482249973
0.5410079687893485,0.07121568137569619,9.787379841057392,9.566716965111388
0.5410840398442723,0.08076162039213751,9.787379841057392,9.504579632229897
0.5411696340051825,0.09024191473285277,9.787379841057392,9.435653438073324
0.5412646816828454,0.09964985628964598,9.787379841057392,9.360314798332789
0.5413691089414149,0.10897940030771336,9.787379841057392,9.278960095215353
0.541482833602328,0.118224682951439,9.787379841057392,9.192004510871856
0.5416057672088305,0.12738021519186385,9.787379841057392,9.099875921766301
0.5417378193560758,0.13644112458878038,9.787379841057392,9.003007637535138
0.5418788928229396,0.14540288976397692,9.787379841057392,8.901836391447477
0.5420288845574764,0.1542613834343386,9.787379841057392,8.796797850210035
0.5421876914191871,0.1630129578884572,9.787379841057392,8.688321750969534
0.5423552055809534,0.17165439102681923,9.787379841057392,8.576828964291895
0.5425313135214829,0.18018287453780021,9.787379841057392,8.462728534333218
0.5427158982455209,0.18859601420464672,9.787379841057392,8.346414963409313
0.5429088467461686,0.19689172108341635,9.787379841057392,8.228267450057666
0.5431100411666046,0.20506834039049135,9.787379841057392,8.10864622032435
0.5433193598547744,0.21312463612218102,9.787379841057392,7.987891091033485
0.5435366800640341,0.22105970137228623,9.787379841057392,7.866321562045641
0.543761883347075,0.22887271853843083,9.787379841057392,7.744239754084137
0.5439948471935446,0.23656333108207028,9.787379841057392,7.621924185856152
0.5442354473386678,0.24413154089588127,9.787379841057392,7.499630885419497
0.5444835605012459,0.2515775337882809,9.787379841057392,7.377596088853189
0.5447390670272216,0.2589015022199917,9.787379841057392,7.256039394306802
0.5450018446170435,0.26610406591384117,9.787379841057392,7.1351571401433524
0.5452717691780736,0.2731862471265572,9.787379841057392,7.015123024465292
0.5455487248241006,0.2801485874247264,9.787379841057392,6.896103639754885
0.5458325902663691,0.2869923521607405,9.787379841057392,6.778238690204383
0.5461232475216095,0.29371875975966305,9.787379841057392,6.661654690466717
0.546420578907984,0.30032924617996837,9.787379841057392,6.546461160355297
0.5467244695499341,0.3068251781007941,9.787379841057392,6.432756353541018
0.5470348059416387,0.31320802748984655,9.787379841057392,6.3206249962779655
0.5473514753688391,0.31947944569047065,9.787379841057392,6.210137716157265
0.5476743669727224,0.3256411452888094,9.787379841057392,6.101353848163992
0.548003372042085,0.33169487231875855,9.787379841057392,5.9943226588898
0.5483383834415397,0.3376424226222488,9.787379841057392,5.8890837675708365
0.5486792939603179,0.3434857133761072,9.787379841057392,5.785666561180945
0.5490260001358009,0.34922657481477093,9.787379841057392,5.6840945341974605
0.5493784012193885,0.3548667902199413,9.787379841057392,5.584385198026813
0.5497363992665446,0.360408078455402,9.787379841057392,5.486550962982692
0.5500998992045731,0.3658520820378335,9.787379841057392,5.3905998788864675
0.5504688035487342,0.37120078481568203,9.787379841057392,5.296528785766204
0.5508430161354297,0.37645620579666983,9.787379841057392,5.204329224942091
0.5512224439155144,0.3816202487000726,9.787379841057392,5.1139905324482475
0.5516069953600761,0.3866948234452874,9.787379841057392,5.025498116612143
0.5519965809157732,0.39168181824898685,9.787379841057392,4.938834333530222
0.5523911145785915,0.39658301586624384,9.787379841057392,4.853980288459278
0.552790511570143,0.4014002044783917,9.787379841057392,4.770914223769194
0.5531946890609855,0.4061351364066771,9.787379841057392,4.689612532820582
0.5536035663181167,0.4107895157108552,9.787379841057392,4.610050239006031
0.5540170635257236,0.4153650791157659,9.787379841057392,4.532199861228631
0.5544351021708812,0.4198635638922359,9.787379841057392,4.456032207147689
0.5548576059515853,0.42428663800683314,9.787379841057392,4.381517766207871
0.5552845002245291,0.42863593575442516,9.787379841057392,4.308626284710992
0.5557157119680038,0.4329130591283355,9.787379841057392,4.23732691117327
0.5561511696957014,0.43711959742676143,9.787379841057392,4.167588024873391
0.5565908034983198,0.4412570993886883,9.787379841057392,4.09937784098098
0.557034545000234,0.4453270768774967,9.787379841057392,4.032664470974456
0.5574823273230152,0.44933100602096016,9.787379841057392,3.9674160137729695
0.557934085074566,0.4532703369762985,9.787379841057392,3.903600496620315
0.558389754325406,0.45714649625190645,9.787379841057392,3.841185930568285
0.5588492725509019,0.46096086930188035,9.787379841057392,3.78014067244946
0.5593125786159793,0.46471480772869417,9.787379841057392,3.7204333775174567
0.559779612392174,0.46840963104324557,9.787379841057392,3.6620330339371487
0.5602503162801886,0.4720466343795063,9.787379841057392,3.604908897671512
0.5607246322341047,0.4756270846404563,9.787379841057392,3.5490306051937535
0.5612025043740628,0.4791522127739626,9.787379841057392,3.494368337543484
0.5616838779581363,0.4826232191023867,9.787379841057392,3.4408927736562265
0.5621686993416241,0.4860412824255536,9.787379841057392,3.388574984199492
0.5626569159590852,0.4894075640380005,9.787379841057392,3.3373864032907883
0.5631484764391792,0.49272318204880355,9.787379841057392,3.2872992455030476
0.5636433305462426,0.4959892244461866,9.787379841057392,3.2382863241417716
0.5641414291785742,0.4992067494806917,9.787379841057392,3.1903210622762153
0.5646427243684362,0.5023767856651817,9.787379841057392,3.143377506502198
0.5651471692820536,0.5055003317748388,9.787379841057392,3.0974303378570913
0.565654718219614,0.5085783568471643,9.787379841057392,3.052454880166
0.5661653266152684,0.5116118001819797,9.787379841057392,3.0084271060749175
0.5666789502489057,0.5146015990951543,9.787379841057392,2.9653232422264586
0.5671955439596884,0.5175487342155848,9.787379841057392,2.9231191382276935
0.5677150653058497,0.5204541006221661,9.787379841057392,2.8817921286832955
0.5682374730102522,0.5233185625763296,9.787379841057392,2.8413202342454076
0.5687627268195694,0.5261429584803144,9.787379841057392,2.801682089033786
0.5692907875042865,0.5289281008771672,9.787379841057392,2.7628569385498505
0.5698216168586996,0.531674776450743,9.787379841057392,2.724824636497302
0.5703551777009161,0.5343837460257044,9.787379841057392,2.6875656406334567
0.5708914338728549,0.5370557445675221,9.787379841057392,2.651061007764401
0.5714303493019423,0.5396915046192668,9.787379841057392,2.615292071001381
0.5719718846334687,0.5422918404180836,9.787379841057392,2.5802393138082107
0.572516004206032,0.544857473663677,9.787379841057392,2.545884736132471
0.5730626736955702,0.5473890923652811,9.787379841057392,2.5122110362312298
0.5736118595997831,0.5498873637196915,9.787379841057392,2.4792014292183007
0.5741635292381329,0.5523529341112645,9.787379841057392,2.446839640535478
0.5747176507518434,0.5547864291119171,9.787379841057392,2.415109899058625
0.5752741931039009,0.557188453481128,9.787379841057392,2.3839969298920343
0.5758331260790533,0.5595595911659365,9.787379841057392,2.3534859468997724
0.5763944198313267,0.5619004174086509,9.787379841057392,2.3235624907503354
0.576958041598428,0.564211586663888,9.787379841057392,2.2942113132233497
0.5775239612313209,0.5664936846364477,9.787379841057392,2.2654182710387905
0.57809214994524,0.5687472617020632,9.787379841057392,2.2371698797310913
0.5786625796093333,0.5709728519153875,9.787379841057392,2.2094530631266993
0.5792352227466611,0.573170973009993,9.787379841057392,2.1822551464993225
0.5798100525341969,0.5753421263983718,9.787379841057392,2.155563849645616
0.5803870428028273,0.5774867971719351,9.787379841057392,2.129367279903909
0.5809661680373515,0.5796054541010139,9.787379841057392,2.1036539251363062
0.5815474096561306,0.5816983756465229,9.787379841057392,2.0784147381762192
0.5821307246051076,0.5837665201159762,9.787379841057392,2.053632669812421
0.5827160977203838,0.5858100748693637,9.787379841057392,2.029300145410266
0.5833035042751352,0.5878294940204492,9.787379841057392,2.005406533012687
0.5838929201633086,0.5898252162801856,9.787379841057392,1.9819415498131736
0.5844843218852096,0.5917976653560002,9.787379841057392,1.958895250557714
0.5850776865330922,0.5937472503510832,9.787379841057392,1.9362580161739764
0.5856729917767468,0.5956743661636732,9.787379841057392,1.9140205426303658
0.5862702158490899,0.5975793938863458,9.787379841057392,1.8921738300266162
0.5868693374988556,0.599462702113143,9.787379841057392,1.8707091616017875
0.5874703343747963,0.6013246915326488,9.787379841057392,1.849617594539888
0.588073184708024,0.6031657485017113,9.787379841057392,1.8288904908335029
0.5886778677964593,0.6049862316776053,9.787379841057392,1.8085196599753832
0.589284363279772,0.606786492029201,9.787379841057392,1.7884971262178406
0.589892651116397,0.6085668734728241,9.787379841057392,1.7688151176249376
0.5905027115605513,0.6103277135081188,9.787379841057392,1.749466055405798
0.5911145251392499,0.6120693438539084,9.787379841057392,1.7304425435241408
0.5917280726293219,0.6137920910840573,9.787379841057392,1.7117373585788873
0.5923433350344277,0.6154962772633324,9.787379841057392,1.6933434399505727
0.5929602935620816,0.6171822205830646,9.787379841057392,1.6752538802103265
0.5935789305827528,0.6188502084276591,9.787379841057392,1.6574622089860707
0.5941992290841918,0.62050051268356,9.787379841057392,1.6399622201699529
0.5948211715330711,0.6221334216862522,9.787379841057392,1.622747630153197
0.5954447406219425,0.623749219242134,9.787379841057392,1.6058123009546876
0.5960699192528592,0.6253481850789369,9.787379841057392,1.5891502329402925
0.5966966905209976,0.6269305952961457,9.787379841057392,1.5727555577288284
0.5973250376982797,0.6284967228154204,9.787379841057392,1.556622531280718
0.5979549442169955,0.630046837831015,9.787379841057392,1.5407455271653534
0.5985863936534248,0.6315812082601996,9.787379841057392,1.5251190300031843
0.5992193697114601,0.6331001001936805,9.787379841057392,1.509737629078575
0.5998538571635887,0.6346037517754503,9.787379841057392,1.494596278924182
0.6004898422200557,0.6360923629529445,9.787379841057392,1.4796903926476783
0.6011273099975796,0.637566165726102,9.787379841057392,1.4650151327478673
0.6017662458037187,0.6390253884969612,9.787379841057392,1.4505657711538207
0.6024066351623965,0.6404702553571235,9.787379841057392,1.4363376942437855
0.6030484638069576,0.6419009862763169,9.787379841057392,1.4223263988594927
0.6036917176732263,0.643317797290958,9.787379841057392,1.4085274884134822
0.6043363828925623,0.6447209006927143,9.787379841057392,1.3949366690876508
0.6049824457849189,0.6461105052170675,9.787379841057392,1.3815497461212207
0.6056298928519,0.6474868162318751,9.787379841057392,1.3683626201863406
0.6062787108704525,0.6488500323946288,9.787379841057392,1.355371317411793
0.6069288870838414,0.650200338896052,9.787379841057392,1.3425720506837717
0.6075804086972447,0.6515379251046813,9.787379841057392,1.329961049514136
0.6082332630747489,0.6528629775991921,9.787379841057392,1.3175346254904137
0.6088874377556088,0.654175679542785,9.787379841057392,1.3052891766267654
0.6095429204488806,0.6554762108164645,9.787379841057392,1.293221184529965
0.6101996990280537,0.6567647481523187,9.787379841057392,1.2813272116306593
0.610857761525684,0.6580414652667975,9.787379841057392,1.2696038984786042
0.6115170961280267,0.6593065329939924,9.787379841057392,1.258047961100458
0.6121776911696682,0.6605601194189152,9.787379841057392,1.2466561884188587
0.6128395351790582,0.6618023887203558,9.787379841057392,1.2354254513673943
0.6135026171276468,0.6630334948517634,9.787379841057392,1.2243527580148146
0.6141669259656852,0.6642535933071746,9.787379841057392,1.213435145570163
0.6148324507506104,0.6654628378635233,9.787379841057392,1.202669709065518
0.6154991806868764,0.666661379567998,9.787379841057392,1.192053609319341
0.6161671051220244,0.6678493668348727,9.787379841057392,1.1815840708909688
0.6168362135427542,0.6690269455423394,9.787379841057392,1.1712583800813514
0.6175064955709926,0.6701942591293394,9.787379841057392,1.1610738829790048
0.6181779409599653,0.6713514486923953,9.787379841057392,1.1510279835502173
0.6188505395902661,0.6724986530824428,9.787379841057392,1.1411181417725194
0.6195242814803734,0.6736360086175902,9.787379841057392,1.1313418751036703
0.6201991569653293,0.6747636443247123,9.787379841057392,1.121696798044578
0.6208751564336998,0.6758816889255231,9.787379841057392,1.1121805608125224
0.6215522703517741,0.6769902701855158,9.787379841057392,1.1027908543194884
0.6222304893098695,0.6780895136751485,9.787379841057392,1.0935254199378108
0.6229098040193289,0.6791795428420214,9.787379841057392,1.084382048003018
0.6235902053095188,0.6802604790830538,9.787379841057392,1.0753585763497286
0.6242716841248259,0.6813324418166603,9.787379841057392,1.0664528888798661
0.6249542315216556,0.6823955485549285,9.787379841057392,1.057662914162488
0.6256378386654293,0.6834499149757952,9.787379841057392,1.0489866240645285
0.6263224968312749,0.6844956548814131,9.787379841057392,1.0404220333416665
0.6270081975696558,0.6855328750740304,9.787379841057392,1.0319672405642601
0.6276949324992797,0.68656168171706,9.787379841057392,1.0236203749232253
0.628382693262818,0.6875821816792657,9.787379841057392,1.01537958493277
0.6290714716040193,0.6885944801381682,9.787379841057392,1.0072430574381122
0.6297612593649905,0.6895986806434925,9.787379841057392,0.9992090164537277
0.6304520484834777,0.6905948851806136,9.787379841057392,0.9912757220269379
0.6311438309901468,0.6915831942340044,9.787379841057392,0.9834414691262214
0.631836599005865,0.6925637068506816,9.787379841057392,0.975704586553741
0.6325303447389807,0.6935365207036527,9.787379841057392,0.9680634358815119
0.6332250604826055,0.6945017321553628,9.787379841057392,0.9605164104106826
0.6339207386118939,0.6954594363211409,9.787379841057392,0.9530619341534055
0.634617371581325,0.6964097271326473,9.787379841057392,0.9456984608367784
0.6353149519219832,0.6973526974013196,9.787379841057392,0.9384244729283654
0.6360134722388386,0.6982884388818198,9.787379841057392,0.9312384806827972
0.6367129252080286,0.6992170423354811,9.787379841057392,0.924139021208972
0.6374133039190744,0.7001385883179124,9.787379841057392,0.917124728003532
0.638114601679704,0.7010531524179293,9.787379841057392,0.9101942893743733
0.6388168115529088,0.7019608176971049,9.787379841057392,0.9033463537459131
0.6395199266807602,0.7028616659721842,9.787379841057392,0.8965795960161659
0.6402239402827022,0.7037557778513309,9.787379841057392,0.8898927168538849
0.6409288456536004,0.7046432327769114,9.787379841057392,0.8832844419615169
0.6416346361617916,0.7055241090682792,9.787379841057392,0.8767535213534857
0.6423413052471327,0.7063984839645583,9.787379841057392,0.8702987286494812
0.6430488464190501,0.7072664336674274,9.787379841057392,0.8639188603824028
0.643757253254589,0.7081280333839032,9.787379841057392,0.8576127353206546
0.6444665193964623,0.7089833573691251,9.787379841057392,0.8513791938044559
0.6451766385511003,0.7098324789691384,9.787379841057392,0.8452170970958736
0.6458876044866997,0.7106754706636785,9.787379841057392,0.8391253267422611
0.6465994110312728,0.7115124041089549,9.787379841057392,0.8331027839528187
0.6473120520706972,0.7123433501804348,9.787379841057392,0.827148388987974
0.6480255216926188,0.7131683752708096,9.787379841057392,0.8212611072280982
0.6487398142821377,0.7139875388260168,9.787379841057392,0.8154399658106906
0.649454924024119,0.7148009061160175,9.787379841057392,0.8096839622623735
0.6501708451549306,0.7156085417641876,9.787379841057392,0.8039921107107765
0.6508875719723544,0.7164105094855273,9.787379841057392,0.7983634434695904
0.6516050988341554,0.717206872116088,9.787379841057392,0.7927970105510675
0.652323420156652,0.7179976916424003,9.787379841057392,0.7872918791881808
0.6530425304132851,0.7187830292309011,9.787379841057392,0.7818471333662516
0.6537624241331874,0.7195629452573606,9.787379841057392,0.7764618733638348
0.6544830958997531,0.7203374993363109,9.787379841057392,0.7711352153026609
0.6552045403492068,0.7211067503504718,9.787379841057392,0.7658662907064607
0.655926752169174,0.72187075648018,9.787379841057392,0.7606542460684516
0.6566497260972495,0.7226295752328151,9.787379841057392,0.7554982424273363
0.6573734569195676,0.7233832634722279,9.787379841057392,0.7503974549516068
0.658097939469371,0.7241318774481675,9.787379841057392,0.7453510725319846
0.6588231686823789,0.7248754714546242,9.787379841057392,0.7403583065696425
0.6595491397701446,0.7256140936399754,9.787379841057392,0.7354184185671414
0.6602758478148175,0.7263477957840934,9.787379841057392,0.7305306542078388
0.6610032879208114,0.7270766296320526,9.787379841057392,0.7256942680073398
0.6617314552419175,0.7278006462345414,9.787379841057392,0.720908527554239
0.6624603449802443,0.7285198959683264,9.787379841057392,0.7161727131820479
0.6631899523851594,0.7292344285567176,9.787379841057392,0.7114861176473135
0.6639202727522295,0.7299442930900326,9.787379841057392,0.7068480458138101
0.6646513014221614,0.7306495380460617,9.787379841057392,0.702257814342677
0.6653830337797427,0.7313502113105323,9.787379841057392,0.6977147513883725
0.6661154652527823,0.7320463601975734,9.787379841057392,0.6932181963003428
0.6668485913110517,0.7327380314701808,9.787379841057392,0.6887674993302614
0.6675824074652253,0.7334252713606814,9.787379841057392,0.6843620213447545
0.6683169092658215,0.734108125591198,9.787379841057392,0.6800011335434809
0.6690520923021429,0.734786639394114,9.787379841057392,0.6756842171824631
0.6697879522192084,0.7354608571401761,9.787379841057392,0.6714106657849169
0.6705244848844548,0.7361308187003073,9.787379841057392,0.6671799078897123
0.6712616861061061,0.7367965655849786,9.787379841057392,0.6629913678918938
0.6719995516890495,0.7374581397229981,9.787379841057392,0.6588444738018312
0.6727380774786332,0.7381155825036687,9.787379841057392,0.6547386631905704
0.6734772593598864,0.7387689347912118,9.787379841057392,0.6506733829650632
0.6742170932567352,0.739418236939191,9.787379841057392,0.646648089147433
0.6749575751312207,0.7400635288049359,9.787379841057392,0.6426622466582074
0.6756987009827176,0.7407048497639654,9.787379841057392,0.6387153291034416
0.6764404668471508,0.7413422387244119,9.787379841057392,0.6348068185656476
0.6771828687962138,0.741975734141444,9.787379841057392,0.6309362053984573
0.6779259029365866,0.7426053740316914,9.787379841057392,0.6271029880249557
0.6786695654091529,0.7432311959876675,9.787379841057392,0.6233066727395934
0.6794138523882182,0.7438532371921937,9.787379841057392,0.6195467735136283
0.6801587600807273,0.7444715344328225,9.787379841057392,0.6158228118040142
0.6809042847281254,0.7450861240582877,9.787379841057392,0.6121343167129906
0.681650422714278,0.7456970396086086,9.787379841057392,0.6084808390313442
0.6823971704306402,0.7463043147697858,9.787379841057392,0.6048619333098667
0.6831445242525449,0.7469079838911663,9.787379841057392,0.6012771547555495
0.6838924805885855,0.7475080808995302,9.787379841057392,0.5977260656631318
0.6846410358800159,0.7481046393095345,9.787379841057392,0.5942082352578686
0.6853901866001484,0.7486976922341559,9.787379841057392,0.5907232395410059
0.6861399292537536,0.7492872723951352,9.787379841057392,0.5872706611378996
0.6868902603764598,0.7498734121334198,9.787379841057392,0.5838500891487354
0.6876411765341518,0.7504561434196082,9.787379841057392,0.5804611190017974
0.6883926743223701,0.7510354978643926,9.787379841057392,0.5771033523092383
0.6891447503657103,0.751611506729003,9.787379841057392,0.5737763967253048
0.6898974013172225,0.7521842009356504,9.787379841057392,0.5704798658069707
0.6906506238578102,0.7527536110779702,9.787379841057392,0.567213378876934
0.691404414695629,0.753319767431466,9.787379841057392,0.563976560888929
0.6921587705654868,0.7538826999639529,9.787379841057392,0.56076904229532
0.6929136883293846,0.7544424362591322,9.787379841057392,0.557590470747667
0.6936691649045723,0.7549990029990559,9.787379841057392,0.5544405024534574
0.6944251971387301,0.7555524285375875,9.787379841057392,0.5513187875617819
0.6951817819063223,0.7561027409103503,9.787379841057392,0.5482249814533449
0.6959389161080994,0.7566499678430652,9.787379841057392,0.5451587446265734
0.6966965966705699,0.7571941367604921,9.787379841057392,0.5421197425822395
0.6974548205454721,0.7577352747953721,9.787379841057392,0.5391076457099924
0.6982135847092462,0.7582734087973698,9.787379841057392,0.5361221291767544
0.6989728861625061,0.7588085653420146,9.787379841057392,0.533162872816971
0.6997327219295116,0.7593407707396431,9.787379841057392,0.5302295610246502
0.7004930890576403,0.7598700510443409,9.787379841057392,0.5273218826471893
0.7012539846168596,0.7603964320628843,9.787379841057392,0.524439530880929
0.7020154056991986,0.760919939363683,9.787379841057392,0.5215822031684226
0.7027773494182201,0.7614405982857209,9.787379841057392,0.5187496010973808
0.7035398129084925,0.761958433947499,9.787379841057392,0.5159414303012633
0.7043027933250623,0.7624734712559769,9.787379841057392,0.5131574003614849
0.7050662878429249,0.7629857349155148,9.787379841057392,0.5103972247112095
0.7058302936564982,0.7634952494368159,9.787379841057392,0.5076606205407043
0.7065948079790929,0.7640020391458672,9.787379841057392,0.5049473087042234
0.7073598280423857,0.7645061281928828,9.787379841057392,0.5022570136283889
0.7081253510958909,0.7650075405612448,9.787379841057392,0.4995894632220599
0.708891374406432,0.7655063000764457,9.787379841057392,0.49694438878763514
0.7096578954104705,0.7660024274720268,9.787379841057392,0.494321540467958
0.7104249117609717,0.7664959394860111,9.787379841057392,0.4917206917189667
0.7111924208641787,0.7669868577783743,9.787379841057392,0.4891415921828791
0.7119604201387905,0.7674752039397607,9.787379841057392,0.4865839941706026
0.712728907024155,0.7679609993325012,9.787379841057392,0.48404765346120177
0.7134978789799078,0.7684442650963629,9.787379841057392,0.4815323292302496
0.7142673334856087,0.7689250221542991,9.787379841057392,0.4790377839792851
0.7150372680403801,0.7694032912182003,9.787379841057392,0.47656378346636175
0.7158076801625454,0.769879092794643,9.787379841057392,0.47411009663767056
0.7165785673892653,0.7703524471906411,9.787379841057392,0.47167649556021374
0.7173499272761769,0.7708233745193958,9.787379841057392,0.469262755355515
0.7181217573970304,0.7712918947060448,9.787379841057392,0.46686865413434886
0.718894055343328,0.7717580274934139,9.787379841057392,0.4644939729324666
0.7196668187239602,0.7722217924477665,9.787379841057392,0.46213849564730763
0.720440045164845,0.772683208964553,9.787379841057392,0.4598020089756788
0.7212137323085651,0.7731422962741628,9.787379841057392,0.4574843023523762
0.7219878778140046,0.7735990734476722,9.787379841057392,0.45518516788975144
0.7227624793559889,0.7740535594025967,9.787379841057392,0.45290440031818263
0.7235375346249204,0.7745057729086396,9.787379841057392,0.45064179692745765
0.7243130413264177,0.7749557325934432,9.787379841057392,0.448397157509038
0.7250889971809523,0.775403456948338,9.787379841057392,0.4461702842991973
0.7258653999234872,0.7758489643340937,9.787379841057392,0.44396098192301464
0.7266422473571665,0.7762922719531987,9.787379841057392,0.4417690624416441
0.7274195374676125,0.7767333936633646,9.787379841057392,0.439594356014959
0.7281972680971582,0.7771723462049283,9.787379841057392,0.4374366800789048
0.7289754370863265,0.7776091464946456,9.787379841057392,0.4352958527830008
0.729754042291828,0.7780438112803839,9.787379841057392,0.43317169467268757
0.7305330815862976,0.7784763571450022,9.787379841057392,0.431064028643269
0.7313125528580291,0.7789068005102329,9.787379841057392,0.42897267989451915
0.7320924540107112,0.7793351576405634,9.787379841057392,0.4268974758859482
0.7328727829631626,0.7797614446471173,9.787379841057392,0.4248382462927221
0.7336535376490679,0.7801856774915357,9.787379841057392,0.4227948229622175
0.7344347160167131,0.7806078719898581,9.787379841057392,0.4207670398712093
0.7352163160287205,0.781028043816405,9.787379841057392,0.418754733083669
0.7359983356617852,0.7814462085076576,9.787379841057392,0.41675774070918187
0.7367807729064093,0.7818623814661401,9.787379841057392,0.41477590286195254
0.7375636257666386,0.7822765779643012,9.787379841057392,0.41280906162040376
0.7383468922597975,0.7826888131483948,9.787379841057392,0.41085706098735725
0.7391305704162248,0.7830991020423618,9.787379841057392,0.40891974685077764
0.7399146582790086,0.7835074595517112,9.787379841057392,0.40699696694508253
0.7406991539037223,0.7839139004674015,9.787379841057392,0.4050885708130036
0.7414840553581603,0.7843184394697221,9.787379841057392,0.40319440976798665
0.742269360722073,0.7847210911321746,9.787379841057392,0.4013143368571313
0.7430550680869022,0.7851218699253542,9.787379841057392,0.39944820682465076
0.7438411755755021,0.7855207898745407,9.787379841057392,0.3975958776815777
0.7446276814626358,0.7859178624710172,9.787379841057392,0.39575722032439514
0.7454145839365215,0.786313100803299,9.787379841057392,0.3939320993122081
0.7462018811696782,0.7867065183288113,9.787379841057392,0.3921203786075861
0.7469895713475436,0.787098128377303,9.787379841057392,0.3903219238672124
0.7477776526682809,0.7874879441534911,9.787379841057392,0.3885366024116294
0.7485661233425853,0.7878759787397047,9.787379841057392,0.3867642831954072
0.7493549815934919,0.7882622450985297,9.787379841057392,0.38500483677771224
0.7501442256561814,0.7886467560754533,9.787379841057392,0.38325813529328306
0.750933853777788,0.7890295244015083,9.787379841057392,0.3815240524238033
0.7517238642172053,0.7894105626959175,9.787379841057392,0.3798024633696622
0.7525142552448938,0.7897898834687379,9.787379841057392,0.3780932448221039
0.7533050251426879,0.7901674991235058,9.787379841057392,0.37639627493574906
0.7540961722036025,0.7905434219598805,9.787379841057392,0.3747114333014942
0.7548876947316396,0.790917664176289,9.787379841057392,0.3730386009197766
0.7556795910415959,0.7912902378725706,9.787379841057392,0.37137766017419954
0.7564718594588689,0.7916611550526209,9.787379841057392,0.3697284948055164
0.7572644983192643,0.7920304276270368,9.787379841057392,0.3680909898859604
0.758057505968803,0.7923980674157604,9.787379841057392,0.3664650317939238
0.7588508807635271,0.7927640861507232,9.787379841057392,0.36485050818897746
0.7596446210693081,0.793128495478492,9.787379841057392,0.3632473079872183
0.7604387252616525,0.793491306962911,9.787379841057392,0.36165532133695827
0.7612331917307638,0.7938525320064913,9.787379841057392,0.36007443994987776
0.7620280189784234,0.7942121803517999,9.787379841057392,0.35850456361720834
0.7628232054695295,0.7945702623770735,9.787379841057392,0.35694559012694616
0.763618749643001,0.7949267889272373,9.787379841057392,0.35539741602609176
0.7644146499482889,0.7952817707489174,9.787379841057392,0.35385993908396357
0.7652109048452358,0.7956352184922745,9.787379841057392,0.3523330582718721
0.7660075128039352,0.7959871427128389,9.787379841057392,0.3508166737430562
0.7668044723045906,0.7963375538733438,9.787379841057392,0.3493106868128836
0.7676017818373749,0.7966864623455596,9.787379841057392,0.3478149999393035
0.7683994399022895,0.7970338784121276,9.787379841057392,0.3463295167035549
0.7691974450090238,0.7973798122683943,9.787379841057392,0.3448541417911203
0.7699957956768143,0.7977242740242452,9.787379841057392,0.3433887809729264
0.7707944904343041,0.7980672737059389,9.787379841057392,0.3419333410867869
0.7715935278194022,0.798408821257941,9.787379841057392,0.34048773001908167
0.7723929063791422,0.7987489265447585,9.787379841057392,0.3390518566866687
0.7731926246695424,0.7990875993527732,9.787379841057392,0.3376256310190333
0.7739926812554646,0.799424849392076,9.787379841057392,0.3362089639406602
0.7747930747104737,0.7997606862983012,9.787379841057392,0.33480176735362965
0.7755938036166962,0.8000951196344597,9.787379841057392,0.3334039541204399
0.7763948665646806,0.8004281588927737,9.787379841057392,0.33201543804704126
