q,p,H
1.2968387250605686,-4.069134342119208,84.50203640383192
1.2394352383008287,-1.04587030554129,6.971755615539141
1.4400332953134656,-1.7659854338051417,17.97434192968432
1.35306887847313,-2.7392550211717603,39.468239089587016
1.4072954160456992,-1.441186378411495,12.595095469394233
1.1674331070009494,4.552469332503922,104.91030622151138
2.0451606677327065,-0.23907366751688208,7.753887814423034
2.0521360159253903,-2.9807106082855017,51.971275063388205
1.7126714149968916,1.0741583153028937,9.988713818552064
1.3962565538622829,3.2746893051924584,55.77277418944229
1.4290052981099648,-2.348708898921287,29.904249385838195
1.4224548917768338,1.3687711105994804,11.65544069282263
1.4795497152676198,3.8226185691206087,75.66334154267224
1.1324800561188881,-1.552754210190792,13.2539459477251
1.827746250058044,3.433323481437432,64.15738898468095
1.7605588991184096,-4.322172507730521,98.02523340808389
1.7331068220832475,3.9614764087596903,82.85388254118651
1.3691504873693012,-3.953342632759982,80.16908689972236
1.267015275239316,-1.4694337795938806,12.395605934123193
1.2495290151328518,2.1899602055262104,25.51674011975319
1.4404620362018803,-4.7168954623250325,113.62864129670199
1.2975551706567026,-4.311280719032754,94.65130421185482
1.6649391055735354,-0.6616387992100838,6.0328548362731125
1.7093658090802681,-1.0622317910144998,9.83456900337762
1.558663911257613,-0.0692742504292827,3.113570734514684
1.8682194747577494,-3.5932542965765535,70.15913078580977
1.694280974873786,2.6612476474124946,39.48341520100234
1.2544414751715616,3.853675302256235,75.80837608467911
1.478308555243117,0.31914956308066245,3.1033982808601763
1.6916873298739428,4.088956379380866,87.64952344454446
1.2801596489258176,-2.151501888281456,24.79308563642077
1.3884442054777495,-3.7006160532218013,70.58930413623438
1.31918534163942,3.107058515688614,50.0725803313013
1.2676712544249167,0.9561838380748515,6.173262663795655
1.543586356316711,1.4897231550160246,14.088064242369574
1.2252094981894008,2.498126659460011,32.65871114162158
1.6701380903769298,3.0786300964141073,51.27364712026363
1.6140570159591918,-0.303486188552748,3.9292393601108735
1.630446788791481,1.457445501514341,14.207521016713839
1.841410505909428,1.5957594599789697,18.078523174132812
1.8977916906516703,2.951326647822733,49.44352815828806
1.9533157765044304,-2.291644087942626,32.71842075442402
1.1733317256509532,-2.724347923415923,38.41161589755254
2.0505234673509793,4.705608056657265,118.24329721313576
1.7513934695362836,1.7009921423306649,19.007949065277288
1.368724600422532,3.7806879268788425,73.49051399003547
1.224632458538753,1.048081226985408,6.946034440768531
1.1268970405030707,-1.1487971477014014,7.784674724010079
1.5146028764401074,-2.3312150908807547,29.982725023740734
1.2058878903626198,-1.4358197325131061,11.70281665880562
1.8152047745599176,-3.7831997309035015,76.66651102571134
1.1306596753534337,1.2800348385580698,9.386982834950961
1.7652153056956106,4.898348639210518,124.62854549151919
1.8858102405342023,-4.674148963279302,115.01162141176525
1.5595353661681277,-2.586603620691117,36.54789477703741
1.2029172026062773,-1.4377620478893127,11.721737263078895
1.6010041162128674,0.5048856586911903,4.651162418289058
1.3958759310171596,-2.9461223961451233,45.551128917460765
1.4318975012271813,-0.25920105526858617,2.673294641797024
1.6958237195599986,3.0837826655148817,51.63303395305026
1.6768727150213631,4.020225280472811,84.74685202390137
1.9877092392016698,-1.4332359349796073,17.098616696262887
1.4063599980617247,-0.8787888341772252,6.066630473595009
2.051541701847539,-1.5132464841357862,18.99083677188112
1.773590456278356,-0.20441755688116015,4.941035895640154
1.3408766896916633,-1.7725278670086442,17.605659817074322
1.6684568100580783,0.8824281758611265,7.76432609300006
1.6302415943451032,0.8940154577361179,7.581607533621437
1.5791368889869428,2.9620031143706473,47.093443216730634
1.2589856332818288,3.641549865918826,67.87485982734852
1.8424222514103148,-2.8213817422462584,45.156767154392305
1.1361787408560224,0.968198296180188,5.8943542957165125
1.932614723621846,2.2108591187255398,30.684236371713645
1.2814920237697884,0.4884789252413455,2.8463907745729182
2.0344152282065457,0.7775753601869546,10.368952864447982
1.1651469232597642,2.340116486105207,28.660102505735562
1.5762207444768488,-2.6531317331685367,38.40196424988847
1.6329314216989985,-2.1383418307959765,26.467445574215738
1.773091686950679,-0.41896054790395,5.60539643055974
1.8365222410785114,4.949871293521795,127.80660472974874
2.0675920102894434,-3.561592310499667,71.15177019531498
1.4103553913260787,3.519483325981131,64.1593307841388
1.6212371914998915,-3.59158250245313,68.0174362850122
2.0566467122107044,2.2257949258013845,32.37089705542311
1.3599400199096519,-4.262525319268885,92.82749573623573
1.8830759044833263,-4.848665001265685,123.29417420018719
1.8530653403532145,2.1112139368318648,27.742580908811735
1.122795714787602,-1.7949903431301726,17.2868081937105
1.4245926855192157,1.022489962650531,7.52634878608187
1.6087781158169197,0.6470584481210597,5.524688479528563
1.34248414188913,-0.31379201818044855,2.3957810337897003
1.6305693775932832,-0.18562032968116604,3.759951793165638
1.2795052421882946,-3.9520461345104154,79.73915379113397
1.5930614176411417,-2.4712212500882202,33.85607481061649
1.8030826258492283,2.3416017520597467,32.409026401908925
1.8155945549414823,2.3890825396785473,33.645647555633055
1.1651608166808374,1.1762392695199972,8.19710733380199
1.923880205430665,-1.5108670961656925,17.56869656284128
2.04689545752346,-1.5016849392175735,18.763243222111228
1.9773542428567752,0.38692061923127685,7.464428920324771
2.0286275131958305,-3.1954367461286393,58.33453638750823
1.2396283831794193,-0.014779405432415516,1.504276408149602
1.9861610444450664,3.5597355435204694,70.16957771152039
2.069716950905743,1.6314706531329808,21.060346564284707
1.69838897248802,-2.541420750858575,36.39895253094792
1.8613205751151933,-2.0753481564130274,27.070671001406595
2.053969596424643,1.9769737817038422,27.11133039275215
1.4606589733711557,-1.1647285985240021,9.27690344271237
1.1144149317502623,0.47119864293838987,2.2688357366189944
1.8314478219953219,3.193915729163127,56.25866614185937
1.7819154979016871,4.629763010689839,111.97854600849499
1.2677741927374453,-2.786186159157692,40.41636814196585
1.2514819143718285,0.3656881573890569,2.212558666552381
1.5212419754333824,-0.36248841574544954,3.507793620416851
1.4409071451402617,3.854737321906752,76.68052456706546
1.5801921056888641,-2.4436243831220827,33.08978348214306
2.01849439313843,-2.6289996797148394,41.72499372364453
1.6528089444283656,4.201386966996331,92.01046539634578
1.9365525047803478,2.0594249075150888,27.491565726708895
1.4469964014864547,3.5847041161420563,66.66905038599641
1.6415574268696322,-3.1178812021354174,52.274263448763996
2.0262928293828213,-2.3572900462425794,35.03825993440924
1.499860116633085,-4.997527408948733,127.59706447138846
1.949234292101834,-4.208228703837362,94.96337166606565
1.8766612492119648,2.624043806290773,40.11170890149119
1.601708966964312,-1.8217985919856137,19.976295450022114
1.756907834878707,-2.4812425980031136,35.370898089246076
1.6775413878218082,3.7605241789382866,74.64869026440807
1.2129344991802684,-3.438553628244967,60.534849519984725
1.104224906331095,-3.990166547839673,80.7447041861033
1.2760194785204995,-2.459365341511024,31.875098286170427
1.6110616896363812,1.5607728792823474,15.62749336375618
1.6919111678368375,-0.661425701788878,6.240889971469168
1.4950879246537516,-0.5623230017740086,4.273277311395783
1.4643721299284411,0.3233045161289896,3.037385485478186
1.467610339159994,2.651778290401343,37.69266339638193
1.8586634398284256,0.20919681402452817,5.728679883951672
1.4494924039107762,-3.9148433710570196,79.06216225364936
1.5822613894990978,-3.27868706605714,56.99628443725759
1.7809408515950391,0.8253365007009439,8.202347740811053
1.651032721749011,2.5390416087603205,35.97254257905638
2.0968626076570867,0.7873453484548527,11.17212360716059
1.3084507067007367,3.2999820260537955,56.208706196984906
1.1654687640599493,0.2702602513740988,1.6454274343044015
1.1783703888101311,-4.555143955665307,105.06174361361502
1.2274983521480132,0.1794451693202701,1.62395622856941
1.7094355452152055,-1.5468979828789022,16.157917081104177
1.6062416532357067,3.572545621009125,67.22877884337142
1.5970783602297525,0.5508509782212334,4.866430713695086
1.5193404944120588,1.0407857404609988,8.255220558433786
1.1072883256638177,-1.2084538018482793,8.445606727602733
1.615572761144402,-4.576310251248668,108.19260357841563
1.9625500558173787,0.3665113812533267,7.229427617468151
1.932424036171477,0.06144008930289768,6.261655318503498
1.1424809708082377,4.598809231847703,106.96750972221346
1.3469813830716255,2.5569925006787315,34.614422380421125
1.6839533044508639,-4.170755875709933,90.96694167885721
1.1775875019270612,1.4747083518820432,12.186723559147175
2.0089811247176703,-1.5973791011799845,19.819124997963584
1.8750249401474401,-1.0853053619960775,11.55718133957198
1.7971704113901028,3.518846440226863,66.85182884703934
2.0069760688203067,0.9983958241395277,12.022818647692949
1.2690033908933365,-4.487932057582026,102.31437721538911
1.7394532986055737,1.198355251668235,11.620636136029582
1.789707941666268,-0.20434616128327754,5.082683424584534
1.9639242340130652,3.278474353931948,60.3143297651027
1.5201391359915888,3.990891413220277,82.48005145693483
1.481300187731391,3.186716542090963,53.387216435896775
1.9763088362889984,-2.675446611413662,42.49472654010363
2.06988111495023,1.0946134371637672,13.744674258499295
1.5545766076923706,3.0493379248549672,49.55512462093809
1.4681485520081465,4.219093687093562,91.53982676562035
1.6828717853016124,1.220222277430306,11.42717862887195
1.290404296421662,-1.7395269763862697,16.81733039956824
1.8040712945865338,-4.558870838164928,108.91896376923269
1.9694915668004165,2.4436748799978574,36.48937531317955
1.4438392603929087,1.877786692254583,20.0317870678181
1.3655775187344166,-3.4579542025338506,61.79510249100611
1.5207841366410517,-4.178544558282274,90.14914295068172
1.9884891300015162,-3.8875039181067352,82.39969520366336
1.4623127712822361,-2.978577255277708,46.8628066493696
1.106387230394776,-4.151771664873819,87.32799687321827
1.2605903524308641,-1.3209633420361588,10.300896549651576
1.8824823607850099,1.549107544902311,17.739261709779846
1.2290864206297663,0.166399449789969,1.606580603674614
2.0996733190218495,3.0092883802310126,53.38526934577005
1.2467750009270044,-3.9841506610820963,80.89485823232653
1.2702048733146454,-3.0115471939398786,46.958206855172364
1.5446088606332842,-3.5018416977768307,64.31273172912525
1.203300151522233,-1.1978288519521496,8.56106199953315
1.1827627289303937,4.794840159311999,116.27976207926672
1.7966532224230085,-1.109198902475418,11.087409621445149
1.1853156763724764,4.112094821850116,85.88112329750099
1.4588944584478836,-3.240434102850067,54.98616195827685
1.636629964522077,1.2322392165146576,11.224089987416347
1.34097855800062,1.7843863752616995,17.81700553157745
1.879659176455199,4.5717828824036015,110.21894060490465
1.3710984019937027,-3.9195874518763487,78.84944661669986
2.0806199127261547,-4.298118391556014,100.24889365244603
1.4765981614133117,-3.79687965669215,74.6657474706727
1.1951432411577159,-4.6988760551431525,111.76002085041178
1.3066784146216848,3.7892581357309965,73.54449587073594
1.4320181087725368,-1.5283974245690213,14.018001433388939
2.0821421235533024,-3.4412527666920187,67.10884232237541
1.1996323946903282,2.4618642728683184,31.679983334367453
1.531073725572693,3.3188207569307764,57.98503591792797
1.1954367353445159,-1.7440218852129066,16.571762705491484
1.9896219628965115,-4.608064979410997,113.01989156520756
1.7898532644869767,-0.3840634904155653,5.612710772916329
1.7965915431027202,-4.4013043674045305,101.79264740916861
1.8358304173287456,3.2234463603303247,57.24704426169331
1.7623401266780858,-0.12524968976054396,4.713105431914564
1.6334975314803435,1.1656203034296277,10.402410149177546
1.6418046966932662,1.9658166948865752,22.99235314041766
1.6978952856347822,2.8267197683187426,44.05264766678382
1.9474890617138565,4.020754414403964,87.23149468462313
1.9010400489433765,3.865581770496995,80.63789825900626
1.1930688586923606,-3.16487708898886,51.43901341339406
1.393058777076313,0.9026615031546488,6.213055617882547
1.4117365388308338,4.963074056189878,125.39306886776028
1.9010082276867766,-0.14232174784402396,6.025245602703949
1.9036520127061383,-0.3159436355120224,6.449519328906764
1.2014545048822054,4.396646841120308,98.03406368464205
1.5955888763592072,-0.2553889912610421,3.6650209202091606
1.4003207760772758,1.8837711896674483,19.91796777523294
1.6891493776260533,2.5882577199875323,37.527079988238334
1.5390472729879183,-2.930472753990462,45.901017996781924
2.034930459448694,-3.2848117537502617,61.30161334807193
1.131458870387512,-4.642277368166974,108.95006413984439
1.366844234875019,-0.6504715536246479,4.1293138680919
1.564436947960769,3.8674859420200285,77.91489554567858
1.370926990841165,-1.6964485066972101,16.422501220063562
1.6300224508132812,1.5603504516532887,15.757161126764805
1.8683304545408426,3.1809687981513672,56.19563354138286
1.8441592808474203,1.7915966605396108,21.421237681998914
1.9224115334410787,1.5810610040814037,18.638870392565792
1.1537839984645877,-1.3380286390049645,10.201712887399928
1.8108972701853348,4.036573359955899,86.5338845875502
1.497505586849593,2.9221634469053637,45.40180807758142
1.686058632936863,1.7670467577105438,19.619676977723774
1.6005102409124374,0.798555217082261,6.561615467185153
1.1995473507712724,3.0414459302804353,47.627818411202895
1.978762249851501,0.27356060023169526,7.1052204857718095
1.3134967231836843,-4.021925487629709,82.65936440290507
1.9544400928668701,2.8712362799866,47.69207406301743
1.2948825811099178,-0.8178836863624115,5.049727117367903
1.848360897869119,3.6344035818376774,71.45627008434879
1.8012406370323824,1.1884051399166706,12.038483739990864
1.645609736734573,0.37470268382408456,4.400413318893899
1.310051916562752,1.3338937007338902,10.662183909257005
1.5668676611435224,2.2140810634873533,27.654566680299876
1.9473963788914843,0.6416721004022481,8.456910763549196
1.3356041405354158,-0.44062272546804415,2.8441202885822556
1.341678870004624,0.8541709507940629,5.5479492884148875
2.0881936525612517,-3.539313744675341,70.6030540167745
1.730822013696251,-4.672049324319172,113.50866491830737
1.9369983236925574,-4.551601046527798,109.87538508232045
1.971011976443052,-2.4879428791287648,37.59718288990748
1.268819880704335,3.941960848181804,79.30130958727143
1.2610721415429036,0.8809470511434228,5.45824362089404
1.652137415199098,4.015245918903474,84.35816179217815
1.477842341167754,2.971988857229036,46.75501868921671
1.9988794376564094,-4.591217796882635,112.34610567526403
1.1481505424698808,2.8962073970791957,43.17616503281481
2.00062170792756,-3.5885084134423293,71.35579207408819
1.5305632072151145,-4.155361928511491,89.24413287514365
1.1557803653942096,-2.2580922475171583,26.75006114114894
1.3369159799643457,1.1726659514258735,8.754803632289445
1.1561393679558694,4.822189962747668,117.52365041521479
1.4942946335724638,4.367272782342752,98.05289673638626
1.3362171393275526,3.123029127200402,50.642593484278855
2.0391300428914905,3.2376548054776837,59.811385999438585
1.9438207939521996,-2.102512063987069,28.46366155040573
1.2126407014608662,-3.9903321072064237,81.02943249673424
1.6808509215159797,-1.0657201987634135,9.645502350914619
1.8718465336222878,-3.5405208242976838,68.3133018768572
1.2507056256487874,-3.951687223457637,79.62036833261284
1.5408295143789577,-1.4513254778557916,13.505764785089362
1.2392039462699127,-2.628072941836801,36.03558864891997
1.3874407304071714,4.034082079684735,83.48072208258921
1.4084528656163666,-2.563725531076788,35.07930397179556
1.6857115165812822,-2.023060368838223,24.468550697446485
1.9183263122088827,-3.7680221789142463,77.08844989470106
1.5235612530431628,-0.5815442451920028,4.5561640632556575
1.7172711840013415,-1.2287892559021376,11.806647965601393
1.3825856969801502,0.45320332665876784,3.1151419228793333
1.3267085733938946,0.3532462296232719,2.4591080638600666
1.7895188462037193,1.3749621549557514,14.324822668482927
1.6134837754846383,-0.3828780898822659,4.197617456224323
1.4798616657747048,-3.0596429389394775,49.410154954536374
1.7998635618967542,-2.7435278173469966,42.5992991652554
1.943312750022061,3.342021583507046,62.20112585267727
1.12993416804155,-4.259434966380223,91.90681102308446
1.2098036311855704,-4.134962707708308,86.89648815117839
1.6166826470752893,4.13159105675428,88.8376764140595
1.807075791391666,-3.4846770473636566,65.74446863872309
1.150448972767772,1.6437902854543402,14.751997422089877
2.0525553093757214,3.8991976744520773,83.57163267723513
1.325196257871228,1.3788445363379545,11.334841836584067
1.1083953878676547,4.28079388760024,92.77206521663092
1.5385972753572674,1.0566689778131497,8.542545695600273
1.4761762542866426,-3.7797603818932113,74.01479075383504
1.4344151675122205,4.12930780700011,87.60665879291312
1.8075441605226827,-3.8988932593700643,81.0406819172508
1.6124430875757998,-2.3481365503345932,31.02596564159497
1.3198916144635797,-2.573701539200605,34.926164963227166
1.5973321473747006,-2.215230746462795,27.887247608381497
1.6387733432060112,-2.594826267680488,37.31341036686127
1.4232100571361168,3.9152795786120436,78.93877372183881
1.6656655801281375,-2.6928782980244383,40.10753889679733
1.7137253688286984,2.7519832075715014,42.09524197114691
1.7498297461500336,-0.3542466171275809,5.1552595507619765
1.7897968989219377,-3.990435800801053,84.49257586714967
1.3000148936052875,2.551811565276248,34.28407061593981
1.884569029587257,2.262474852862476,31.35503635772522
1.7670135451576807,1.821105564492611,21.25711656520621
1.3680079136475116,-0.42994534190427647,2.9434298709501068
1.845680087268696,-0.5703613863924311,7.013046771062018
1.204986846396987,4.163520989219787,88.06672527066293
1.105912177436036,4.934609665073763,122.89284952590796
2.096675520586117,4.322270752301005,101.48044695394262
1.3754020089573293,2.6509763060575473,37.19227958882573
1.6513565633936536,-0.2421389744776441,4.034464066874554
1.7278761847478605,-1.0717315341233915,10.08710764502555
1.313685165185493,-2.836835742972407,42.01890222436325
1.8430140534849329,-4.999782535854537,130.35048728751434
1.3473200285815201,-2.516067208476499,33.577847947161416
1.6834434179289894,-2.8425773227563536,44.388161699784035
1.6142860576575733,-4.512310012994179,105.27505969256214
1.593958725033464,0.7839994667572805,6.400884163853219
1.3565169505403585,-0.6411764063282144,4.021800728752891
1.1531915425555757,-1.394172994622993,10.967210841480025
1.3452554730837005,3.5222483690310007,63.94687019327408
1.5318890494377448,-1.5298383217078557,14.619339414886909
1.6636869308008082,-3.370069612982852,60.62132457144653
2.0405373890636747,-2.249335525807613,32.712909007169756
1.7978090986548607,2.901448064620709,47.03815187371911
1.9830143965050773,3.223918566650026,58.74517826360647
1.1587954343659197,-4.733485747501753,113.29229488000142
1.6618520681525761,-2.366164680776105,31.81419416220833
1.1446184376381456,2.257342934453776,26.705428768489433
1.5755048462408223,0.7360593591995812,5.9105162957221005
1.229066326149046,1.9270824471425776,20.036304765254446
2.050445481873374,2.700907983275753,44.00318524027218
1.6745125212427108,1.9160190904641343,22.273178265020135
1.165422210187983,-0.7786408179013478,4.3115093428221964
1.6071091374191664,-0.8396145124990735,6.944244235492707
1.9838662569217043,-2.8046209249917977,46.115629520095055
1.9344553205268156,-0.9141808179059829,10.442367238877434
1.5986444007106364,-3.763767631294211,74.18987966149831
1.3611926112533124,-2.295411847491351,28.33220821177772
1.555391188188428,-3.5320592952125116,65.44534993968513
1.9738153795843651,-1.7807710125623366,22.533621850858914
1.6842355162040579,-0.938325417826662,8.395399198269248
1.3986317655226448,-1.0827279904855014,8.028093691300079
1.5145676907409322,-4.428291344942932,100.85851162487151
1.9213604556061985,-0.5356466424258048,7.563966680434179
1.581793182515654,1.5477407213923655,15.221662351437121
1.593918259063691,-2.3943132728395558,31.991008546866034
1.9859284129136086,1.0003241702202033,11.811712177653675
1.9398393763611823,-4.1978902666987095,94.430886151224
1.7874178017025564,2.3036997297153388,31.388753059113263
1.4637107743698634,-0.9821540652871619,7.334171720790821
1.5387403220553462,4.638554438260883,110.54164631252644
2.0129119706662246,-1.9057194915914066,25.263453847975285
1.8955769529303512,-4.246164119879891,96.01940004870158
1.5161008754288359,1.0848835140609525,8.703956722293947
1.3854430450440338,4.534089154138325,104.89177362042624
1.3017012548422016,-1.5653315370241536,13.983401270878991
1.3415462192349594,1.3363090796246127,10.827935721873864
2.070859697860187,2.8035811852457346,47.065553137426285
1.696020881652042,2.835595997858066,44.28904513872248
1.6118441224023041,0.04002348725568794,3.46099463232842
1.3610999275578792,1.372917690983071,11.411719748417243
1.7672561938534463,3.543516609477189,67.45963846940619
1.6510032029211008,-1.7211617807573032,18.55064937083152
1.3971291099033998,3.3544532601276504,58.42092467838368
1.1655992227461893,0.6152540606529193,3.1732561461342526
1.8354467753701025,4.821131010638535,121.50695096772228
1.5217360294659867,-4.618979627212433,109.5287294501383
1.9343798439131017,-2.4740360572070106,36.86722715223617
1.9665916676903672,3.602444624331266,71.48876004311265
2.047482646185353,-3.7494334642117177,77.78593645895859
1.201860684145052,0.9426743996001612,5.82593912847146
1.7163546680846173,1.3211677334846765,12.976984881829306
1.5068592597354815,4.237750137514446,92.55539161971706
1.9088081259492777,-2.1042988664012863,28.14257041620212
1.634347254759546,-4.684499505446366,113.33795493766023
2.0089198476310512,3.2868172150024684,61.07618368942829
2.0117878558356472,-2.660978543334138,42.49617125308061
1.4663905755042843,-1.179414744377889,9.481225695445598
1.448236610475024,3.528806782861576,64.68768696357601
1.758117117710261,3.928065158435011,81.74690015785566
1.4939018115597016,1.346967106003211,11.756814597723167
1.1085836972068663,-0.731419468160138,3.8213448954737945
1.5452661313406462,1.3012599350146639,11.468868937152983
1.1181212599296644,-3.276330785810908,54.83835720648946
1.7556336580815193,-4.848213151522229,122.10304155767176
1.61355467926623,-4.395587083251571,100.07107289484786
1.6050204843404852,3.2785815678948893,57.150259514196534
1.4291071378610034,-2.9463606816285326,45.7278251122907
1.7785448299479358,-4.964543351203979,128.00886616929037
1.6114233793279862,-3.898590825476258,79.44505120150328
1.1972188961895935,-4.675794261620204,110.68420808723535
1.8661701586613109,1.8749710464988265,23.15954877046807
1.9698223460998805,-1.2104328036628829,13.960910497413298
1.6343608126854616,2.9064788682986586,45.85347321993249
1.9294991308000746,1.3040413602277292,14.715301164028276
1.5306855348614672,3.800489140558449,75.1283267317686
1.969126301219631,-1.1465185237411193,13.20026546648225
1.6191205306373262,-1.614538663616647,16.53858387940358
1.3193341038683477,-0.1418680181611931,1.904770778246776
1.7906187308214863,-4.254696357044909,95.39419231582086
1.5331955593474715,-4.836382548687635,119.87853315251071
1.3795433595282012,-1.1896046484780856,9.14939394291028
2.0623590073320477,3.1518801962303318,57.33795134543518
1.600502593385933,4.242189047992252,93.35394946195478
1.657360095890188,2.0977668369584173,25.789610243624672
1.8309174330937388,3.0954935765167875,53.15865131624386
1.1645734845471056,4.074666933987498,84.29242186207594
1.1331017720163536,1.0283109827448609,6.487270633086018
1.3972002659416998,-0.9701923686233833,6.865859877884848
1.3216116837857506,3.237583958565075,54.22342088132086
1.8078101434265443,-3.0910913603291466,52.810476879322984
1.6843619877075398,2.685633820468336,40.05726084925292
1.423441480439238,-1.4941413087255553,13.455200781294335
1.44112771086529,4.901194372002749,122.4952459315822
2.0844131482395527,-3.768228797763764,78.92231004027781
1.6819076240943809,-3.4938246352200197,65.00899432657833
2.05173166503545,0.5708150025007246,9.172595074990488
1.443031532043944,0.8909486490981946,6.36594610151062
1.1910551807644385,2.8438232419261915,41.78758869941254
1.2821841900019484,-0.6884985488880959,4.026113534932259
2.0250281410311635,-0.976940157440465,12.012026411979589
1.6655883885678704,3.8302856401403176,77.20442214949256
1.6507917377555217,1.4821495512892113,14.720912586326477
1.5257974022074505,2.8434413128931224,43.30491429174284
1.9655180073998952,-3.482566128506531,67.23063247543146
1.8367675009656117,-3.6165914039373757,70.70143508697703
1.1261002096924235,-3.8703815866523215,76.08347875161733
1.97787005861675,3.149007412454999,56.3026782036813
1.6390674762001962,-4.650437271027005,111.78279544862234
1.7607151839871904,-4.109261363788778,89.05084433087077
1.8055532237615421,-2.9182560580038874,47.596919794455076
1.2238852209374893,-4.125822888877693,86.56332691444615
1.7562157947798416,-2.3537877975229837,32.283744314892054
1.8618121354049606,1.3074593446426972,14.087288177956111
1.4989050113014977,-3.4444484112067997,62.03608115492074
1.8397593028758084,1.3293682865868188,14.166882516867359
1.7455271734702857,0.4438883755488181,5.4766004388241605
1.3349257902861655,-0.28625987663611596,2.2801622101234127
1.5778867302711075,-0.515984646920467,4.54887302680131
1.144997592978183,0.805151036766282,4.469705108588026
1.4412565829026733,-0.4172825139198526,3.258033049718602
2.0653997538068336,-1.2106898709211453,15.03039015329811
1.8973638853984682,3.4880025913858344,66.71843407323455
1.4926265331218889,4.209510742335521,91.27757458386176
1.8615116468449078,-0.6541948033276341,7.67700871730639
1.169434748067622,1.7789134115927272,17.113420786840408
1.905129085047645,-4.726576246947589,117.66784002647346
1.5396538009449163,-2.1973665509530838,27.108630299335694
1.8133977449594,1.3657591045888875,14.413512304167556
2.0671598733235816,0.2744366249886596,8.09861211756628
1.342591163116026,-2.3985656123998114,30.669510441177188
1.171293272347532,3.7428831487292182,71.34161695113629
2.094574238820818,2.8251370655892902,47.95223834656642
2.0667777178228577,3.9920488651385924,87.39985314567257
1.5682923777664424,-0.38468620549568566,3.8931933392194087
1.8070865728315613,0.9395589980451069,9.443551162210364
1.4841695570520226,-0.7572038337783695,5.494859364791097
1.842017368456286,3.2425545040846426,57.922783842163874
1.3497258311908205,3.297451466470495,56.301552694050834
1.723905654564252,-0.3829565890694262,5.044627176236467
2.091589183624269,-0.8290996072962269,11.446714512256687
1.4984301712007309,2.6383876822956784,37.51757098621167
1.5285277158245485,-4.50848025830501,104.52816461882752
1.4157558653621654,0.9645945710049597,6.90533463389671
1.5573648595857132,-0.7117271703854131,5.6138306860827285
2.0960625738425485,2.3524693236311993,35.733562806960464
1.1572239833041387,-1.7641576188948829,16.820094153775774
1.904333640475995,-4.165283122558671,92.70516542315035
1.7321967992170388,2.156650128178149,27.635544700804427
1.501850240294981,0.004308092128269436,2.732676202438955
1.5457975017569567,-3.0510462838410914,49.550319044546924
1.9201133242489439,-1.9918866839979699,25.954736627832567
1.6085899622219344,0.29214836077404094,3.856688787040991
1.5632099510115711,-0.3335658406381157,3.6758670567376974
1.7659848809165624,1.1854729572787361,11.69282601933891
1.1521800337216477,-4.0470635499571825,83.13969931335869
1.118448474412845,4.418314295528322,98.77485422920233
1.206731830887478,-3.1970483219107546,52.50308403877292
1.3684706314100292,-2.4952715878805263,33.153224206890776
1.642509989060026,4.594028840075252,109.2009026466933
1.9243985476972714,4.447908265928502,105.07983806079062
1.5272997436624918,-4.290502506102955,94.93056492124424
1.2472321628788205,-4.437913865922621,100.00455087033414
1.4152168159616672,-3.3451013706307786,58.19886861672469
1.4200507266563058,-4.063673379498846,84.84248950391014
1.2791951703068187,-3.171590955153396,51.93958611173841
1.4449811240932282,-1.8102098796659218,18.791866528932378
1.5636593947023147,3.2607994296990963,56.286574036013626
1.5414375392895239,-1.5592625882037305,15.134422365661479
1.125340198690118,3.780184508402506,72.63148414978488
1.599765268760325,0.07419805680225355,3.3954883748757556
1.9229286877880256,2.1531315744957213,29.325257741882808
1.3301517028412424,-4.115076500361843,86.51915257408348
1.4623792952323322,1.2230606615293418,9.982954060823614
1.6196521165686095,2.833127237495151,43.641772173378115
1.7297016957463414,2.6003129496881776,38.16729736898274
1.40278722231669,-2.8413134307558305,42.55263205636798
1.7627928476151746,0.8059186943614911,7.886089134981474
1.4598976086545703,-4.987194158802549,126.8502164942924
1.9098529355631813,1.44810978781239,16.4978373393424
1.7764963551336472,-3.4592436046499717,64.58930745362395
1.3978513579428085,-1.7050017335703505,16.69787525461608
1.620404001785824,0.3444333492123679,4.107293613159463
2.0394183680939113,-2.542863210550741,39.73338867661729
2.0286026261488717,-0.714792389379455,9.834816788427773
2.090930435574122,4.208417438399655,96.55573551273949
1.1066088366885716,2.803112364936383,40.42960514138815
1.3128532897415994,-4.605617252038595,107.83584634312491
1.4888358169822369,0.7065506717730514,5.151419475197781
1.3202135201868073,-1.8210797279650004,18.389469833880792
1.6903745141153823,-4.5404328118263395,107.11899284059363
1.9907995680913952,-4.725479893165163,118.51219440048934
1.2425253058534427,-1.0866796049835603,7.41737276437489
2.0252684433325623,1.868100532748005,24.691663249644016
1.1122420236742236,-4.495380836136276,102.19634509412325
1.1129633132465977,-3.5277659653778737,63.38128409338555
1.695688742184046,2.8807734469327873,45.57766304885571
2.0659570960360525,-0.696130537130152,10.131015187785007
1.7573664758081713,0.732071072978778,7.271636685619759
1.9297700432404812,-4.68166313702374,115.80531472179078
1.2329074613952458,2.379647544193473,29.794323820426758
1.4242487667322217,2.547684379339195,34.75060160417806
1.7176652839724253,-4.932673989813926,125.91661039160725
1.2600891500541607,-2.6048836122943753,35.50147245408157
1.6752222927864304,-1.4342833240581,14.208862060958072
1.9808649141633707,-2.8705670327002766,47.9544838261062
1.6120362857629988,-3.12344754273979,52.233972433022494
2.037755250358856,-3.5065503978887347,68.86319616350711
1.891540553591509,-0.7897506426887517,8.948354464701024
1.6576052507236387,2.736700141306347,41.23597239698728
1.7852617914082407,2.8620321522908307,45.7906624263323
1.2088114328652,1.7838375371548887,17.314236882930945
1.9803839432051076,-4.153307590327167,92.99833972810245
1.2113998339051117,4.0538755875293635,83.58136908176917
1.737727707775774,-4.167023716719416,91.24635501393898
1.351740784631462,-2.245141008252128,27.14795634226616
1.7134319647696263,4.91544067716594,125.033587852902
1.3245671470159301,2.3699766196186154,29.910065423527325
1.8909165237832186,4.263795828520395,96.72342470812082
1.8950752163565299,4.958467735918072,128.79687844262665
1.9087389427796109,-0.22319480020930182,6.250584827690174
1.335732855492761,-0.4080647608500607,2.7065209277631004
2.002317258590594,-0.327143107302037,7.522585728296351
1.3947969251423005,-3.5030119230393986,63.5030815088546
1.4119292481104548,0.17819336911796935,2.392295503628644
1.7081351872355977,3.6897428656192073,72.25396990762329
1.945444598444749,-3.9549848583672995,84.5873347442891
2.009416252261165,-4.132989100741614,92.47383772935797
1.6768326877024085,-3.4827387290347045,64.58283057593974
1.1316002762571167,4.872619664203183,119.90880499446071
1.6463240547424467,4.688173664504646,113.59857935917051
1.2336317173157882,-2.7036760702205145,38.03243307478163
1.8983735283818972,4.76022859778881,119.19656092986143
1.3132105395025002,2.9647414527487825,45.727223157763994
1.906992035489158,2.7820761476389766,44.68367040532734
1.5307391029580204,2.5643359613574486,35.789169650600385
1.681018459421387,-3.2104999766181495,55.504560318381465
1.5044852137072335,-0.9198967696978393,6.97947698339556
1.6137872744943813,2.119503766149583,25.928280481546516
1.243726803177285,-2.980297190147927,45.927966474870146
1.7860077145769173,-0.10184249179723803,4.892973670549452
1.989733711218513,-4.436506728078774,105.26275260775834
1.4093288702382356,-3.8159879196866986,75.02912125773034
1.8892711190231593,-0.5815280761574861,7.498265100202364
1.6513339186185605,4.229158471802005,93.17004483995322
1.3966766723801238,4.719758543294429,113.53750526266147
1.9149802640591087,-0.7500675247726942,8.877546515723548
1.5812478044366856,-1.0094772047142953,8.33567028115366
1.2605629616945881,3.046906220418027,47.99426513056799
1.2013694375428818,-3.0860859858182,49.0009252294287
1.666800204329848,-3.974808808237751,82.85376887314128
1.498622317788518,-4.900086807452773,122.76752317559806
1.583167060876867,-2.330673424779477,30.413699056045502
1.9216155510203414,1.6393775949709832,19.569775469427817
1.2322189134449766,1.6085443182705097,14.415508992099046
1.4447877563219496,0.6353277809909832,4.424724476316035
1.2538149853286358,0.42036674743735514,2.4356437462495757
1.193204671276259,4.3168466143404505,94.5329974662499
1.8050834438141332,3.7199262243603215,74.20083918931797
1.811217272537379,4.886762247503269,124.46939777879008
1.8403109218203828,-2.322875240749304,32.314704161389585
1.354943983292211,1.4445419999204585,12.392634151657354
1.5771431792345594,1.9649753705428283,22.518289739713605
1.4764733155860221,-3.9736070650952215,81.53131996379086
1.654357149042191,-3.6153248744124253,69.1167104934496
2.062103019804888,-3.54751504439451,70.58755213684881
1.6732166917042441,-3.577951921788194,67.91622891764705
1.895088341168921,-4.028810524282713,87.02156855802512
1.98293170248399,-3.328332688029122,62.16502206989298
1.2673614541129,4.599597820673715,107.3821928819435
1.120611251044624,3.7523924784343503,71.57430156772094
1.6770815980358322,1.710365805439162,18.5641704417447
1.3716244192713598,3.0116374951334652,47.38588911076795
1.6986901344575398,2.7221764115208344,41.15847661904656
1.7827121600544409,-2.4287271600239224,34.30561034568819
1.9847127189443954,-2.824970087307742,46.69757884245632
1.2402721548927005,2.9352123516604864,44.58271827273506
1.3114024398062587,-3.890466685739602,77.4499983552848
1.4965061827363009,-1.9491135239410395,21.695882158790464
1.7157188214919876,0.5797867688412595,5.9251508076899775
1.7342920505158557,0.9235404299157279,8.661899207254592
1.602297033991906,-0.45420193355912186,4.417158958367521
1.7436063497247873,1.742690135417316,19.66007438623925
2.0413751436782586,-4.2781242619105715,98.93663596704229
1.2345133918616233,-4.158302572048819,87.94344169576758
1.6774755836161392,4.089335117222529,87.55377788425453
2.0297663820082086,-3.4532958887213914,66.91955730362176
1.5392212646707797,2.851396197410967,43.61607529505642
1.4366913540648363,-3.612861176255998,67.62672030640188
1.9462714420774667,-2.425750815909514,35.8077755995632
1.559297498992434,-1.8067456688267782,19.415388867529146
1.9743221671137103,0.4544449490245892,7.715929531054142
1.6450792035777175,4.196803802560773,91.76026937909485
1.585662616075893,-2.837382621756046,43.52423923693081
1.4858826967496765,3.416339520012844,60.994939480523065
1.6113613258127366,-0.2865881588062793,3.860222677959696
1.7621990481034513,1.5887469213399523,17.254038111174403
1.8405078839306013,0.030019881501433865,5.342311715310206
1.1225425571337626,-0.38069484016969657,1.9009404467517825
1.871938305320172,-4.144504574650435,91.52234436543408
1.5083801385643256,-3.512655583215496,64.46571897384
1.562752745858509,4.612562187728571,109.49516338686055
1.8958115660721446,0.5524915969918407,7.398417779592888
1.556567273122118,1.706613696274255,17.638479684040124
1.351823866417381,-2.425231680183942,31.35378289069896
1.1221329006148308,1.9409040503782347,20.010937266439296
1.1430387974976948,-4.536230091765079,104.11053877546823
1.7842699395258628,4.53902141751696,107.83934264428272
1.1265824671607643,-3.2396753323201,53.66277429946398
1.7745654145163121,-4.926064807329942,126.07117900853751
1.3182949573473204,0.16260111677830835,1.932001368409149
1.1613811594975156,1.409615927435662,11.204619625072384
2.010134269148394,3.9047642875812247,83.30971863442292
1.1308132870148304,2.2933599193108005,27.492387012365874
1.9736040298884543,-4.147823094606209,92.6978117091389
1.7362825793325172,-4.743511890880365,116.91837868808499
2.0576314433637393,-3.050023541133755,54.124675803248614
1.8859580310191437,4.434142524357927,104.08283262366284
1.8770287167753599,3.036637486796444,51.79309815248691
1.9356105513755908,-4.245279670210236,96.38766686162779
1.963543404197486,-3.1839755733715025,57.25681779751207
1.841848983116614,-3.6407526153868552,71.62580043654091
1.912276772489606,4.4695161190663395,105.92005975490171
1.7908435166696703,1.3532849369994926,14.040885432693806
1.1458146435549246,-4.578891627216368,106.06159638566342
1.5751781280345138,4.985195704038073,127.4602801762466
2.0850048619461927,4.98328489335268,132.09720916338875
1.4143897629662192,-1.5798503143775458,14.725745814920009
2.030925959492128,-3.5906622266810917,71.77065616660768
1.3929316669903717,-3.5587330589909847,65.46134736571337
2.0549365871073593,4.509799046021497,109.27178598352296
1.2615031988310936,-2.403610074593984,30.46616120649626
1.8588037840690412,1.6944211388817063,19.866521189274142
1.2811858348689245,4.038369732272454,83.19432114533252
1.411970558681677,-1.388921760324493,11.879260105683633
1.7474571902249632,-1.65220197063491,18.156573518555074
1.1281859811771826,0.014971608585260476,1.1900294217047525
1.2701645613390316,-4.278421239876833,93.13541741483722
2.01125588104205,-1.12650099030244,13.431256709774807
1.1606950854173783,1.0159033408381042,6.428054420811047
1.941685562264413,3.6976313734625723,74.70104089754116
1.753179932132079,4.0549283244814145,86.76848814766224
1.2945230520187727,-2.5135538769295227,33.29341171601985
1.7151464538643941,-1.97018943518662,23.647962976219926
1.4705224261761654,-3.0658091798934697,49.54546890534768
1.146783259136051,-3.3839161861511324,58.4871647775036
1.259695822439085,3.3680416652179233,58.291494495993916
1.6615442743239963,-2.1488009706565547,26.90490712503891
2.0669140012534966,1.133449687525717,14.142711036344137
1.852848970472464,0.8345821130741253,8.937038189529556
1.3870987789184732,-2.0568204530782563,23.262523106325105
2.0659513477135483,-4.250113776655683,98.0252952231608
1.9956399855756342,-1.213705643852736,14.279624679834864
1.497279286431444,2.0445553097751663,23.606296497207207
2.012678806189073,-3.259259504040312,60.21589230477961
1.7152903298598563,1.2742644117865352,12.35965004927605
1.7685036268387866,-2.721421798815553,41.718574215593094
1.5049128041591202,-1.5878200755290162,15.35686712116408
1.5372251144011986,0.235930111689858,3.229387042954425
1.4900279449971774,-0.18735081496202355,2.8378559877676865
1.2023790820421039,4.670371454868018,110.44616797595437
1.29006779704449,0.27909886352217406,2.075734021408708
1.9557729585602401,-3.9812060901993296,85.73613267712372
1.8884537293968755,-4.67016496185753,114.85152710974316
1.153757907010144,3.790444072990887,73.08737532897636
1.55599863373853,-4.112531360939227,87.6366780368363
1.6741112108840812,-0.919909081594227,8.145596313072966
1.267907406464087,4.079364995375753,84.80878288541793
1.414584742209513,0.5924155526087569,4.001891109335868
1.842915046539859,-4.99112119104495,129.91688225756187
1.5690048987431684,2.8719309291095954,44.397962987517175
1.7254029719855037,4.81062420718224,120.03419398798357
1.4691122900837779,-4.787008515794988,117.11878351157908
1.6995554851042782,-0.8694031761414927,7.893462728009284
1.484081720029986,4.4024441931514176,99.53513409474854
1.558750573025187,-3.2319979300664525,55.319198426186745
1.738438645345918,-1.0879039656965714,10.349541668677553
1.2321101628481856,0.7920180134800123,4.6145383766252515
1.8741780917083761,-4.027778268343437,86.77449428277866
1.1475093573955957,-2.2377286717475178,26.271649774005937
1.5193643284540541,-0.28372874580416596,3.2417029405441053
1.8795026295338322,1.6029312712487016,18.55835975809221
1.186310880897651,1.8478008188819386,18.4091690271687
1.946952954024768,-0.6667548301790553,8.616370351414975
1.180503204620941,4.828999577143849,117.91716525840263
1.2978286008651887,0.5857100361572574,3.4319604671920083
1.8936919597643824,-2.7871034901008263,44.690867729927405
1.2120766298108319,1.8571902226263726,18.659707273499006
1.7348090212738672,4.5039817319071425,105.83082634536326
1.2794936571197435,-1.8089890640143533,18.00797396810294
1.466584471528861,-2.010112169659198,22.72997938498919
1.162044583403077,1.0969491242362146,7.287744877182793
1.6537306282991842,3.5159736273719915,65.56948116012053
1.1769760264983244,-3.8024897259630164,73.605856632042
1.3218159909534548,3.428017893438934,60.57106253597964
1.5716678502907668,0.8507903560124337,6.795047965834393
2.034044297317993,-4.366001281263337,102.65147143971375
1.6128586635071303,-1.0017588817675427,8.477797342080011
1.4481440667196201,4.846053062602751,119.84594627993944
1.8914510622968423,1.320448364353311,14.546857889080716
1.6019533786050206,4.449853568637353,102.38923952605445
1.491370647603028,2.2197305739146875,27.306279275785805
1.917894271118729,-4.098251211089506,90.0724186907134
1.1350396285998303,-2.0784521995207483,22.804470110581516
1.5607939535287962,0.7908099092678409,6.230489722965092
2.058686039672593,-2.1460862454460083,30.65208252236973
1.766184940839077,-4.6905009333884715,114.67181927539663
1.9068268629788419,2.346954170501961,33.52324134186522
1.3312194806394828,-4.129113742317635,87.1023595172645
1.218288927530451,4.038223638684709,82.9696424974792
1.4871188120724717,-1.5753578500361742,15.054049018370561
1.967862955649827,1.5241977437816843,18.230160874834457
1.3938367806228262,-2.003108200835555,22.205103251921027
1.6449477414678952,2.8158671838657092,43.339021666361695
1.6974078814057272,-0.7983317045063618,7.283713448993307
1.2363259653070822,1.759457608108777,16.970540955017164
1.59863378215924,-0.9449501217280298,7.824725428778688
1.3230684025203687,0.24098889102023602,2.110174294383613
1.9296696539692006,4.506368433452279,107.75121654817555
2.024015994633684,3.366573873756529,63.89770171436392
1.4177525691660995,-2.356926852201121,30.038922248709746
1.6025179414797066,2.1490506110301624,26.479302093461875
1.7764547516792004,1.1313339761694685,11.156694846600438
1.46878120473664,-0.0036357984025725543,2.539719546568443
1.7313740586028492,-4.869999288298983,122.9574833596384
1.7709875886377957,3.7597441165565133,75.38782724352787
2.0969693556797786,-1.5407633764987274,19.9435946862232
1.859282218633489,-0.7264267125559956,8.154264356352463
1.5077328868537352,-4.1598707860195985,89.2906741658642
1.4943861016501965,2.8430524452278814,43.10281688482441
1.6452337731239657,-0.58093551839886,5.383037824020318
1.4478311462491815,4.8116313937010595,118.18206937647271
1.497867765396182,2.808418181883326,42.144833258620814
1.5230308546558025,-0.016493674734780583,2.8632598495585215
1.7705576060030328,-1.956728056793712,23.849635573553083
1.7775720943826503,-4.007703417483828,85.07532344696027
1.6811733751625688,2.331961760570227,31.15944517999527
1.3491938500615202,3.09751493252781,49.9062346776781
1.9120926269791574,-0.9484137665094128,10.532771030538111
1.546603478307143,-0.47786104302121135,4.152850706893243
1.4063478335947788,-4.436134162644536,100.60165157900201
1.711747652872892,-4.776297011441654,118.27721376185106
1.557470534234212,-0.09856879672522822,3.130324615219947
1.1347510914996437,-2.932810191792453,44.21085820947129
1.8898539943735928,0.6232898264627194,7.755598463853319
1.7327800088642478,-1.0697610275349758,10.106633175814698
2.0495259027850796,-0.6881942454032579,9.886164610747143
1.635361888485721,1.9441230353231447,22.520785541675586
2.0524756626644534,-0.7096515230936529,10.070030148724435
1.143517078869325,-3.7978617785259248,73.34354645794723
1.3189815027669636,2.0012318232387845,21.82731090146989
1.782710506449035,0.5260170441044814,6.195487344797107
1.848528600774582,-2.10153602323238,27.495678773739044
1.2926153799458864,1.4535671014160698,12.260461082226866
1.6530839025547415,-2.841433696967033,44.12299549858555
1.222940062210041,3.874747552214126,76.51655852466594
1.3704868705095967,-4.830524913431668,118.70060492248999
1.8832570409729323,-0.6220932544374369,7.683190245418556
1.8981178897240776,0.2502995862910282,6.208381783518771
1.1871180235090053,-0.7297588158641046,4.002368201328818
1.2620978516434431,4.698662567977763,111.96874405021971
1.530649727051293,-1.2944501736252345,11.287519306327377
2.096113728235155,4.701162476655968,118.56825725311691
1.91951436760146,0.6344814883105663,8.123410750788555
2.074303787133647,2.4157716192272574,36.985297731746016
2.0643591877019567,-2.486550811209548,38.604113448997765
1.8488065596793115,-3.247138774625574,58.13559322220292
2.0084566667338217,3.184406359993716,57.757439561307464
1.5268931553248386,-2.6306982107329704,37.48882955078275
1.555398077490059,2.4824985038485883,33.882174744468415
2.0756486481429874,4.974194972248217,131.53438950478466
1.1628148013871513,4.5298125772927715,103.86927454491338
1.4261489937302032,4.261631863695753,93.11459769547032
1.8696486683232776,-2.2052614122604153,29.93145885723139
1.6794307157271533,4.089902655136505,87.59217066195907
1.6363223535774103,-3.653922603971113,70.3855148962261
1.5427841170257264,-2.458179322637558,33.199772118493435
1.9045349020949802,-0.37730202267295354,6.6710497660605625
1.983195304265235,-3.1016853398720787,54.8811393630171
1.5710574205998995,-2.047181249816379,24.126495565718304
1.5621689226475781,-1.2685108029847747,11.158255487516357
1.7509035958377008,-0.39855165423307426,5.33113458418633
1.5313789874083918,-3.5994970372174997,67.69599553263126
2.0081419746348583,3.3948842060489817,64.67793234462427
1.6228698110859254,4.180832665630666,90.92867818250846
1.4443729679701027,2.9838506525422286,46.92109013827488
1.4449301352229384,-2.0063103487843312,22.533696666996736
1.5997336575070367,0.06069915846255913,3.3861629569385556
1.195774543012921,3.4268969559068214,60.08280691717246
1.6375302706188926,-4.493305014747708,104.58759120303864
1.119581281304635,1.7114142747750725,15.814501750671573
1.755424591483997,3.5839281552217503,68.79810820029552
1.4104484265339703,-3.7805547106222215,73.68895906069022
1.4175813895516631,-0.40225555062111873,3.071566067677168
1.817048800037497,0.9821241141087018,9.943207458619364
1.7953071430847891,4.839450893182697,122.02518830420863
1.7391638291833256,4.348134288202704,98.9692944895138
1.953263172385614,4.877549772876206,125.41216348566734
2.070971755593177,-3.3355834623219014,63.39711096920538
1.1764636572176737,-4.945507485578022,123.60002940886497
1.2815707481464909,-0.687839301135023,4.019245855920165
1.330844483527788,-4.164618296036778,88.57307655816598
1.1988689962722905,0.021280262529492333,1.376099121601479
1.6407856290827287,0.6318858407952765,5.659040393312667
1.74333718491927,3.2360209945443916,56.83212401648469
1.2494215083214222,2.2917509936491403,27.79735102818909
1.9160021727529175,1.2207712310232024,13.526310026380466
1.843048273109086,-3.773487271041817,76.55771323345417
1.5427380103925032,1.9910615943650756,22.80788009059709
1.526553992674768,2.7771617385967104,41.44698161445016
1.8408807288099311,-2.091106595197557,27.204939957775743
1.253484188288337,-2.4861969761993628,32.45681617958611
1.4787556042920835,-3.5689071854048073,66.28218638118624
1.9588334590610383,2.9862756818695004,51.107635875039406
1.818625501539334,0.07663317901124156,5.164173396489563
1.7711122793109801,1.874880278179437,22.28641217005596
1.3725794952569594,-2.6649607490159966,37.550656855256236
1.1710445203720385,-1.2439891449054032,9.032620777443856
1.7954943333771571,2.468003843474987,35.380650970255374
1.444372962260323,-2.330922829014852,29.570272698030454
1.1725119358416605,-1.2435362836379502,9.030948492720276
1.6024764743424535,-1.3329848844914016,12.27116244342329
1.167395282726846,3.5332550270530145,63.70477610672803
1.7013029079978197,2.4666498159883563,34.54991357015381
1.1503053900257396,0.041955263856095826,1.2502093597953725
1.2251662415610673,-2.379969930210982,29.776671608207426
1.6243852607970786,-2.6921009013547756,39.779843025721085
1.4719683195661233,1.767367019764885,18.175702307627773
1.4848503709208765,4.490637172017681,103.46114867831872
1.5702011738928756,4.373152445260777,98.78832579258454
1.2678978084100652,-4.822226504543094,117.87199623439439
1.4249883501126641,1.2342785143959265,9.918206315615022
1.7733636001384854,4.363371332062167,99.92517288914149
1.8139137251862263,4.42623198745194,103.04937515835405
1.6849286713024076,2.0304559295486264,24.612307859603956
1.8147445703968605,3.628177957865441,70.91768446821835
1.6312176224442365,-3.400648764668973,61.414463025261625
1.6401717683697494,3.7242247893930553,73.00735937950772
1.5435752751061373,-0.3234360355502366,3.514672088874955
1.3407968890308002,-0.33462164285533813,2.4558925653406
1.475271031347544,-3.4688638819683226,62.741736806064424
1.9793601181584943,3.281168004281083,60.56780084270011
2.0782123422616445,-3.5200206259375397,69.80416161791393
1.7719162149151697,-1.189771769529382,11.795307338921978
2.0003569725829102,2.3978774955170685,35.715002970616105
2.0936700167700293,-1.325603385728643,16.820582495636383
1.7484674328979786,2.0933483979782066,26.426801618806984
1.6146948771906642,0.7232025235361386,6.088374084991466
1.5355432505750937,0.17032871097724467,3.0854601439127034
1.1119966269277433,-3.505843407861714,62.60827491546925
1.8048442493057388,1.6367617436439659,18.404368564053698
2.0131076945763757,-4.671619072017316,116.22691842260838
1.7677337859604934,-3.859834249507598,79.17282484291282
1.2865440535552886,2.1163709873144736,24.067767969409417
1.7566793085373147,0.9357766942968357,8.964510389463218
1.5656916007685968,-3.943381265352699,80.88725741592793
1.8254649906902871,-2.9879884374780974,49.83811792265776
1.8647942385503682,4.804748079396951,120.99672905551093
1.377864124248433,1.6872648882251813,16.299905203045558
2.0565373476706346,-0.35431506453654293,8.226514797967063
1.7591402726774932,2.2395018035111294,29.68402801514892
2.0681092129155765,0.7342803800677089,10.428939974207736
1.9526797602434467,-1.2077929856913672,13.747391954112713
1.2462777831506695,2.9489745345344485,45.00811626430218
1.1735438027593361,-2.258796599272949,26.812644112322957
1.1402004000909862,2.6299363194721668,35.799642575811646
1.4075562223565363,3.468856987226067,62.376167015174936
1.5104467578948553,-1.9802051469047734,22.390589851862476
1.2896483243861796,0.5480264991134316,3.1862909839740703
1.642924076331422,3.190039569572779,54.560227635714575
1.2111779379574825,0.7010715177075708,3.868652529240146
1.9651911185152904,-0.12221508316805796,6.660504596336363
1.2664735962177356,0.41495999592924804,2.4584104764036705
1.8874389307765802,1.6482082071374071,19.372268340756754
2.0666406397805765,-1.0955637045739075,13.717284893680855
2.0557688595020407,0.825024803256662,10.99327830458617
1.9780946517248226,-2.528916893284455,38.700959857703054
2.0869328182324116,2.503379061222785,39.28892947228262
1.2271645613827997,3.1188170789904124,50.096966985469166
1.3557366753037041,-1.9073432374623023,20.152511716719477
1.9941974947547494,4.706949778710561,117.67533213175449
1.9512437926993118,-0.22112199632012342,6.682968612665865
1.7201224179014845,-1.6799193904470986,18.39096736778351
1.6421996772783696,-2.488486475094165,34.6359246945252
1.60743378269376,1.3389733958251036,12.386020316247874
1.1369379077357813,1.2318430600145724,8.796282662894395
1.9603920151124357,0.6636267082284322,8.736910719654446
1.616914414845787,-0.7752239191837891,6.493970641559685
1.5185120151147347,-2.44797844337048,32.796926131952056
1.6251040063272089,4.651349784100221,111.72327619408449
1.2162883592442264,3.3888647177820026,58.84910252927984
1.96353655938282,-0.35074552291871974,7.18335498032859
2.0253340740186823,-0.3077019105547949,7.716804872126426
1.5445602515854149,1.6675155312991574,16.9009831804587
1.2005009815397325,-3.545892999719035,64.24548050816473
1.2583712350179344,-0.1921945090027215,1.752934303430043
1.4805275713114767,0.2966743167487724,3.0470095325008453
1.5335004451340555,-4.649478273613506,111.01571864548784
1.7733452817119648,-2.4589910314428955,34.963150808673205
1.703893327230038,-1.8504141669077825,21.269011380072644
1.365216884872864,1.6159753939630068,15.06307699851095
1.7166281690447067,1.052481543449125,9.790378893679963
1.5901782199089496,-2.8586158015701835,44.15993799493887
1.9055445312219024,-0.17738669041125643,6.1267238649334566
1.4884320940080351,0.8285542429723467,6.085492104244645
1.3216781199229515,-4.4553083620758835,101.0628133057467
1.6896335576008066,-1.0593666528724075,9.646791264942555
1.6867984838182037,4.267837748237728,95.08540532591496
2.0890812842103332,4.72974816684197,119.83246756662137
1.5786972395759826,2.1734869262721093,26.843381560867254
1.4928879976083018,0.9198218826636033,6.909577495719429
1.169334613590724,-3.4848184261151327,62.01028562768985
1.7805563330152654,0.5376204097915425,6.238245232861296
1.411813627206023,2.9618454638618505,46.095584245047114
1.2081282444768446,0.8662009347587567,5.15328093546157
1.1968418640630945,-0.20691799293749558,1.5819107448914718
2.0244412264237375,-3.8678364254430067,82.03416904502322
1.3846388995817973,-3.6412061441968504,68.3899770985317
1.2774364898028712,1.2494912009525159,9.44416153215611
1.9941357021557566,-3.7840427695036407,78.4926745024823
1.671697945635347,1.2336494092076657,11.505280659714117
1.3950913810995318,3.771364145104002,73.26500821683452
1.5078438915989474,3.3119894284384515,57.615091819270695
1.3252875663305836,-2.8484381722968912,42.39716721360694
1.2804275080889083,3.518153073977059,63.53630258157114
1.3078393917626858,-1.1196414968394497,8.024801306147713
1.132361514364753,-0.07866134311295525,1.2293825325181464
1.4697013616187278,-2.7311812056179487,39.84162777088397
2.0869380742750274,1.1707808240875552,14.808096827663
1.3755893584441152,-4.712383032896019,113.0875592351474
1.3700576938881166,-3.5235049223146553,64.10417476961122
1.5299537878564344,-4.840324558833816,120.04884892645296
1.1018392276195232,3.0319616106239824,47.09671646519332
1.6211796171850963,-0.6263852501858587,5.481490196741698
1.9000405926054689,-1.5922609804101029,18.590780311716692
1.6554300338225714,0.8573183495041725,7.4468932713460205
1.9371639587840725,-3.9058842338017263,82.57139751109085
1.5320561541819941,2.6502145619080606,38.03655196401487
1.6489793872594736,2.9311859705133783,46.68277597301222
1.4156991030492039,1.9007055984748078,20.316238401838216
1.1411856061459809,4.720151703417869,112.61833047293631
2.0487538299158596,-2.806620130596965,46.894833273324
1.39045872299833,-4.127416691239565,87.30417279470362
1.403450941908155,3.614116513579871,67.49983955529841
1.4228226801746393,1.2576003070404003,10.197476804942193
1.3339670237188446,1.9091472915293295,20.090508418695176
1.156852204462278,1.4153475416594912,11.2739284012087
1.5906466553804872,-2.5381527038530036,35.5158374668706
1.451298699697079,1.0430845809205458,7.882203820915159
2.097916723077215,4.629196111040745,115.23244513177558
1.1652404674965475,-4.88431980872946,120.56252292884142
2.0322291350448554,-1.3341802385839632,16.221286262796056
1.434265469813679,1.6000120242435294,15.150139305869077
1.7527660366528668,-1.1354110747055302,10.998538554466624
1.4348204880467446,1.4477618223541118,12.832974654230396
1.2631526754902305,4.058414855383733,83.93905511974107
1.9041646024953867,3.594643885762512,70.56287694432523
1.263538196211078,-3.9494004143561745,79.57561103937762
2.078511775010285,2.6589367412254568,43.20468126465753
1.6211824327276154,2.60193549548275,37.3700596534181
1.6821065277953122,-1.9700971332063055,23.382906651410604
1.4731222358291411,-2.5219814321088485,34.36630788303721
2.0580507122881135,-4.845529990223892,125.01210872841733
2.0330993326842717,-2.8523304790405968,48.0098874096465
1.5084535631720994,-1.7286255183226196,17.713148987964576
1.537058987994931,1.1526242211673026,9.592729626261377
1.926589548388712,-4.334500669985366,100.12230559340325
