Î¸,p_,H
1.3146901188576843,-0.9253672633553132,43.94071673234037
-1.0286531391681093,0.24331216891719087,28.46325194252959
-0.06845225294602497,-0.26512109781616333,0.14063483444074482
0.7882909922012051,0.9312098381299851,17.378704078372458
0.18911692492127763,-0.37322940939116767,1.0541712021034153
-1.535479997570676,0.008912225173269839,56.72383479505986
-0.13713163291819486,-0.7190750111742574,0.573548174312946
0.73667288868669,-0.36114963620396967,15.25181012811095
0.8877324834473646,0.6574047276124477,21.705068655941428
0.2742471981351846,0.8879495650885165,2.2302467265820476
-1.4877707132663072,-0.40289130193245026,53.93046408531987
-0.015501301872992368,0.5832502342404808,0.02123859660556789
-0.9677384315282778,0.022082582647652504,25.45079949608728
-1.506830340730169,-0.45042803460520875,55.04981797097669
1.5371521758742301,0.7543146960311475,56.84580506024381
-0.22771165892779344,0.6719698256046627,1.5367048183194343
1.1790618715759678,-0.48864303218524974,36.36057595295834
0.7411383293046128,-0.9622340619298213,15.461788430153259
0.9631950699046801,-0.09119026460067192,25.231444783348465
-1.339266336055765,0.0465625743548117,45.30743328311436
0.3541073498555225,-0.5101200167783482,3.6590067635808237
-0.920077730227521,-0.4501180779341156,23.189853152421286
-0.06984239118461288,-0.3102335458552741,0.14736392761275077
0.7985031933609821,0.8377029656860653,17.79979472299462
-1.1129879688608177,0.19678166976233946,32.81300035951621
-0.5223613553713349,0.07391158400356579,7.841592720174583
-0.3670337833141175,0.8795395433815711,3.948555620351174
0.056932752488995764,0.7029222844271479,0.11585709768623612
-0.7478756382283304,0.7174151619052589,15.713091659902139
-0.16486794287619633,-0.49971530117486407,0.8077306063809138
-0.08315237764176531,0.4843000382165181,0.21293661634044628
0.49572525234146747,0.6431109394781223,7.095344102155933
-1.3923338640705145,0.1394848455545754,48.362830703496
0.39673569514844687,0.1972594918940591,4.568778142142787
0.02694900553209756,0.28401147511275515,0.024711363694887092
0.7099407766641743,0.40611166598619164,14.21292381348367
-0.3923779057650112,-0.29089566089976016,4.472185103493488
0.21958193275759053,-0.07955017764052896,1.4121340726690044
-0.7613005969438338,-0.7664843976580928,16.25684303463297
0.9310216691976492,0.42412970191394006,23.70303206522485
-0.6572540626005963,0.8003724487097157,12.276329007879339
-1.5407039804843081,0.7019712679068311,57.05136889506586
0.3090594176898225,0.18094808059478917,2.7873034759851776
-1.3844769814766484,-0.16095440046318066,47.90877895261905
0.6022585453542382,-0.6736015720122841,10.36428126350488
-0.018122181923007075,0.6536841852619688,0.02745938425262757
-1.1030088661287143,0.046944794661496925,32.286433969740784
1.469783648636338,-0.9351652082124033,52.906989040199534
-0.9441812441660227,-0.6912603006388678,24.33922066907151
-1.4208798813546002,-0.5114109285198183,50.02879322895334
-0.40761864167313355,0.8789587165413373,4.8498241071483
0.922083587576314,0.7273572190401225,23.297368823649165
-0.8072449602202436,-0.5381585136528952,18.152381558277256
1.103599524076461,-0.9803795567586846,32.35739394194503
0.7123269498121325,-0.4681551776181352,14.306761316221762
1.4931750617927175,0.5062420259207114,54.25112980572964
0.6060214714996883,0.9007042254692947,10.504866007944972
-0.7068929229223406,-0.04766536248259112,14.089544282955192
1.402718016678246,-0.015734591451448177,48.96347300094994
-0.5128098062553168,-0.5362095426584828,7.5754604366105545
-1.0990789482703902,-0.4287869458226896,32.08795427325528
0.4573501773934554,0.5313836326387666,6.054892195468973
1.296640838675184,0.4192456563895881,42.88816085218439
0.5254337622601288,0.5204626143473878,7.943027289402499
0.3866544439377195,0.3787748141443006,4.346839538635341
0.3278130496951588,0.30575585365552893,3.135068975417067
0.35659109644669607,0.12609693053472815,3.699638077591159
-1.4794229326864097,-0.835214086893266,53.46378352286479
0.08522629409797333,-0.9132815111542547,0.248171759100521
-0.046030493049222354,0.9654253487587721,0.10111716116438905
1.1720877108644765,0.19108393949300617,35.97368120131692
0.6873024141559534,0.7337301030318701,13.372364819049865
-0.327049258257641,0.8820121366828697,3.149144207310962
1.0324538663452274,0.8498919269078133,28.68253683409071
0.3769384687833195,-0.24867697213588036,4.130579742342749
0.3689280595716302,0.6017810763863043,3.9714801090212193
-0.6686312240895038,-0.023493095130688202,12.661372782602752
1.4237483287846904,0.4948514764036427,50.19490772309959
1.083047251385754,0.9041488554568731,31.27811026867188
0.2342221419341688,-0.5240593493489427,1.6169675039261515
0.10701094014851353,-0.9803745045432548,0.37639553783153673
-0.008731555612601305,-0.9566320356237608,0.04037247910629669
0.3396360748200309,0.28859098883913825,3.362363312474605
1.4717900720522632,0.09139034667671564,52.98828630165605
-1.380405844849958,0.506922963029717,47.68325779349487
-1.2406127597596204,0.8599243599997755,39.766870160833925
0.7197499977626478,0.7537438741849058,14.607803542821205
0.7675880647643591,0.29354114472660187,16.491838628491003
-0.8609269594795764,-0.46966262989351115,20.487190679345687
-1.0026349133395047,0.701803735624623,27.18122811288099
-0.11785367858604934,-0.868743878412142,0.4393250597522348
1.374113729525051,0.12767971106818177,47.310161534685626
1.0490192111955943,-0.2776412049287136,29.496023695338046
-0.922264218144075,-0.33602388499002345,23.288493918229847
-0.1924810627547333,0.27894891649719655,1.0891228154061134
1.5109690684317307,0.8158401454612083,55.311988533275176
1.1389311515454645,-0.1060728898209069,34.18881995421195
0.22753636702145918,0.39941936139550194,1.5222118837968348
0.11706039202532792,-0.38877821729562956,0.40871019354958377
1.4386915487518395,-0.700565781474048,51.07526243175181
0.42867616171826417,0.9813729158840114,5.360539701454819
0.7175595719521035,-0.014755654892206316,14.499344097696765
1.4888379261308256,-0.5073208019393369,53.996963349371974
-0.46535724989027005,0.15831105673661638,6.253759263243907
0.4422821332597775,0.9589951488801391,5.696216918172825
0.7782824928360648,0.031022776649870742,16.92736197279023
-0.7953666557030853,0.507637168016809,17.649386275657495
-1.145465816373688,0.8403922319742911,34.56726168228771
-0.004028710314611272,-0.9800122775565563,0.040494845594555
1.343293259825482,-0.7043798516225763,45.55858958423103
1.297169844899094,-0.2917490954706836,42.91432992358781
-1.183693539681214,-0.8422060829585765,36.63213333803785
0.4210853814428015,-0.6349005370634893,5.153221154943744
0.6250325489818143,0.8009543363034768,11.143218731432741
0.5051402620465506,-0.6251317520400002,7.360014471918753
-1.4362246084197736,-0.12073725634918553,50.91165166115602
-1.2822286705238937,-0.8548962363985317,42.09718340122193
-0.9825978816721868,-0.04983123000775058,26.174151089779684
1.209728595991534,0.06249266120376684,38.027691615111785
0.8324106017247783,-0.16695646195580216,19.22317882817041
0.3649774755978836,-0.9580298623524846,3.9112926520823614
-0.0991910563994467,-0.294170922215244,0.2926312492371059
-0.7241157233717689,0.41909609282137184,14.761089561378009
0.6151813135988666,0.9061425754287347,10.814085469965681
0.4136761749706339,-0.9913211418329679,5.000769409560048
0.7751694565391056,0.9878573703326639,16.839676727068063
1.0424223439195441,-0.061722576310496935,29.157330350653606
-1.5333968911694886,-0.9930472503360321,56.64251508473936
1.502077278617318,0.11627756655056976,54.763062791689734
-0.25953587669031153,0.00010395156720677257,1.9692595625011236
-0.7982572272221231,-0.11263599262608226,17.76072526607186
1.0621898795687779,-0.6541497120460293,30.18454886573947
-0.9369349535448155,0.5975306171117267,23.989962097609865
0.2394186255775781,0.2925593473469075,1.6807772013619637
-0.04644615218103487,-0.33760053033478243,0.06816052536763145
-0.6856356628676631,-0.08769132577190186,13.288137040557013
-0.7001027831766748,0.9937662449919942,13.87232185819004
-0.2796995563005311,-0.5577220542525505,2.298021232992736
-1.2742659125108493,0.7233006671196465,41.64021430502814
1.0349044548172244,0.8854209064752017,28.80890996520868
-0.7380944903212296,-0.08084869799040306,15.302850084957651
0.7657030908667379,0.5736635465090996,16.425070628858624
-0.0015253245448965114,0.6160189321821485,0.015880041000393124
0.8572640589503902,-0.13746201492008536,20.315691271567946
-1.4286017541176805,0.2353370624343336,50.469414030235626
1.3021425125312205,-0.5810551836019793,43.20656140494289
-0.9191714123701278,0.175679077481931,23.140310517398436
-0.13771162367209588,-0.494597178852866,0.5668682190439598
0.7677350909123715,-0.32467917648320466,16.498644373801046
0.9077293691074013,0.776914351232106,22.6315837924329
-1.4878810877904591,-0.4229307405076266,53.93762132328314
0.8774801787815156,-0.7926762839485604,21.247615534227915
-1.0688808749851813,0.91935040033739,30.546206120588952
-1.4226950426278924,-0.2629860847497747,50.126326163644315
-1.1060692888858978,-0.35928551674308773,32.452464832808595
-1.3575042246272213,0.28861799880161043,46.3567725731112
-1.458888588486972,-0.5129180970101284,52.24451256091956
-0.0031918944752311607,-0.17327401648271468,0.001550527741222985
0.47506622336175663,-0.7561657728802362,6.535193373632218
-0.9817328890277135,0.15127421038378275,26.132699475129485
-0.010355712387999594,-0.6066296360584995,0.018486163867470633
1.024372239588097,-0.9244269281310373,28.28104887461241
-0.03562299421576398,-0.26747394435175176,0.04028551729451371
1.3953561953628388,-0.7580073963971794,48.56089868059872
1.140453159987164,-0.533171549580612,34.281501623155265
-0.2401041356107978,-0.44388777377193867,1.6949927310562083
1.4205283596187588,0.5488847501949714,50.01001168731002
1.3778977838080828,0.4348213484828991,47.53565452758903
-0.32033695609266477,-0.1051000861333451,2.9916533494149324
0.9378184574687771,-0.45409162493709077,24.025549092232517
-1.2730054823846904,-0.037459093732186144,41.54760924779118
1.041965765248551,0.09999758135003645,29.134405682400114
0.2784574403726987,0.7042950755146502,2.2856093013167587
1.5379965453291646,0.13392239763358305,56.872465942669116
0.6310465479131815,0.2966281302630265,11.327928911836233
-0.5399665430632716,-0.5667412549337087,8.379101272897012
1.341900517307915,-0.9363487911429733,45.494677641981035
-1.4177044125450555,-0.5206397982682496,49.84461141796238
-0.11763950749753294,-0.47939333344472823,0.4159749220164328
-0.9658885698772213,0.8501600038404256,25.391366723157464
0.4337514514092251,-0.6802157806279339,5.464424279531825
1.4974349218687726,-0.35402342447986856,54.49543980995683
1.319118452378265,-0.49129152928270914,44.16713274578172
-1.2300496239127603,0.857696926391786,39.18022357828724
1.142322358473848,0.10301751793541714,34.37002961809398
0.6020831112463769,-0.23802083205691105,10.341892996405125
0.17630211614985614,-0.9068484298116113,0.9457246718457313
0.13953823098229612,0.8618527725266338,0.602466345011576
0.18717910152972794,0.11576892822247808,1.0276133872038575
-0.38055238121586044,-0.8612730048354291,4.237483227032643
0.6019689644058364,-0.21806917681043037,10.337712837971582
-0.05413558387206718,0.13206650960443977,0.086867137713471
1.0487240005882117,-0.07767417405583465,29.47801591236699
-0.6096220922628091,0.4871436689588613,10.601858192090205
-1.1600570740449785,0.4356472608053501,35.32982031373184
-0.22754349706453647,-0.12909149214819737,1.5163534908751326
0.4931245994841924,-0.6813473590258883,7.024890550135345
1.0222909004753102,0.022511470213508078,28.140967002194035
0.5904470605283088,0.6748041976091654,9.974291464429882
0.45369675736224035,0.19856772509144305,5.9502629971730245
0.561647991158305,0.9094043096630493,9.06739904917333
1.4088463973232925,-0.6916123216208183,49.338846262855675
-0.6159954132693827,-0.012478462929408796,10.807521153550596
0.9285153923214851,0.5019832067333421,23.58792271280085
0.5552006334304287,-0.5977539548640811,8.846959505443309
-0.46210518926141564,0.509472682746942,6.177999130630704
-0.1344116303233751,0.5248912598026898,0.5418351237692745
0.30023517041530257,0.03565453134645247,2.6303554207448556
-1.0120144603139716,0.0017524846127785487,27.62696055547136
0.8175187583632684,-0.3930063598300644,18.585280199015905
1.2894501446178221,0.28601604777108935,42.477638325179
0.3629719531966653,0.8941126703010496,3.864379822019098
0.3512642663232388,0.3130812762702315,3.5945034147694495
-0.8584130370622141,0.9093534210218619,20.40046347962755
-0.6244878443297319,0.669405920354859,11.116425779613312
-1.4191433933678543,-0.21313908300486673,49.91884158399529
0.39643398858663814,-0.8210902548148276,4.588395482237263
-0.5534040413191279,0.21771469550598854,8.778443155939497
-1.324544089988628,-0.7534241441752858,44.48991861105717
-1.1599154212968696,0.29934705625261904,35.3180099784174
-0.9591069296080458,-0.39147503076927315,25.04040597289083
1.4177510068576513,0.6018358611837951,49.851116655217695
-0.03053971720571136,-0.19202888705688137,0.02895495629844795
1.1394804209585883,0.8737034506500609,34.24949316760474
1.2788145757317335,-0.9615207598163471,41.91290276300701
0.3917395063302991,-0.03411210031389622,4.454364827447237
-0.3660485283896804,0.3407257749691175,3.900397447502172
0.7136258780051223,0.5955059070291935,14.362362667338433
-1.401816634182294,-0.6428358582500457,48.9284305359695
-0.4007291513364375,-0.1000764642626617,4.65874121262987
-0.3869050459647356,0.23181708347341834,4.348659049180113
1.3688854375663606,-0.8125954416443251,47.03565715559524
1.0619364398151685,0.9631109268543216,30.192353413832947
-1.4723162402912144,-0.05488644511804397,53.01885180043048
0.10396842279666996,0.6604731357269251,0.33568719591113544
-1.1359213212516814,-0.25378244747518086,34.03041735619363
0.8974826517587444,0.9891334001123515,22.174267727287297
1.184373988122347,-0.7375114934441445,36.66229717987669
-0.022945868636697675,0.8945909053461174,0.048824336722437967
-0.3790294451827252,-0.347843607938388,4.178418695088916
-0.8844231159185622,0.9723136246440176,21.575723114746246
0.4905234623214172,0.9203940225136344,6.968617571936639
-1.2802397865512924,-0.21589794402870743,41.95659581758008
1.3666346407211196,-0.205823012704466,46.88028104255487
-1.5234972309487802,0.060915401376923084,56.02000467411161
-0.2602117081909192,0.3765092811834807,1.9853774462908358
1.1040916809141463,0.4052043446397111,32.3500283250764
-0.8515972805081113,0.5695899849591042,20.07711885367641
0.592267482849254,0.45725872614263885,10.023704005205962
0.7804482365111833,-0.8019519853033099,17.043620969533052
-1.5576038174031501,0.8804514978068214,58.05660273390546
-0.3637597897995104,0.1302156462362032,3.8482412979732046
1.2177996628384045,0.967820955279256,38.51120684362937
-0.45367203994191896,0.014266239245898982,5.94799160697222
-0.491842699016916,-0.11393784803695706,6.970449522302539
1.1434842267782321,-0.1332328421886837,34.43248550652952
0.9105665496169917,0.6820106148563332,22.757437321205867
0.10061082156348422,-0.6558841195143839,0.3152759760165857
-1.3299918794865813,0.6442299882987035,44.79443736019745
-0.11151892463901492,0.5793925071417807,0.3792407799776696
1.516760211124108,-0.7813139364234349,55.64965789611328
-0.047862456794719455,-0.06610903218811925,0.06751919821548079
-0.3473873592234673,-0.6409158080702988,3.529511518482657
0.26184050236498013,-0.645798480091883,2.0215644865584332
0.8825484736445479,0.052515635427041074,21.4512445827614
1.5406974921096306,0.13932977413753522,57.03126459827478
-0.22926963267919032,0.5829906880352418,1.5528022026733581
0.8895710916411277,-0.4141993100096193,21.7781270170932
-0.4004275306256455,0.4733894138112651,4.660745409442951
-1.4070549467727058,0.9042782766981834,49.24904392154738
-1.356612861911676,0.4971572234575743,46.312380796480994
-0.00914268882792979,0.6886990524318175,0.02222025843061801
-1.5020764873266013,-0.530254652585195,54.77416843711753
0.011911392943031895,0.6808272951232432,0.023484835608231808
-0.8469262712045157,0.7712416578470025,19.88217560594759
-0.9392444492480557,0.27050127491553355,24.0876459328227
1.2016482747520518,-0.15718621973889135,37.58475430019383
-0.18947480224469282,0.817485822164272,1.0801717966688695
0.24555110146774273,0.6468422642794032,1.7812274728588182
0.12934300774253393,0.12636158847991297,0.4918306198308175
0.19118085999611867,-0.3208095983263657,1.0755928495533436
-1.414962653482283,0.334302580293669,49.678677597959
0.8092511383172587,0.704240984028007,18.24627573459098
1.5606823635721199,-0.1282872674913358,58.205994835625305
0.4945106593967554,-0.5360070670441168,7.056148845688217
-0.49542784468091106,0.0410319077525616,7.069865245920013
1.2908619452706858,-0.4200673136736979,42.561348359567745
-0.11733123557607295,-0.8207132795806447,0.4323399121094818
1.2620447826365062,-0.3373100762294585,40.937216940458406
-0.5253085567343414,0.37369384236917713,7.933866858907005
-0.40494471639982543,-0.631814043350202,4.772131176423367
-0.43299079919381267,-0.2901601415647381,5.429871366155427
1.1657025921764421,-0.6211536177512222,35.642707596991734
0.8537919491369768,-0.6685896021841697,20.17940556769527
0.9621900787958584,-0.8398848577371449,25.21199028247838
0.8041524609888238,0.6857663804752534,18.028746029384404
1.2987208614506338,0.7341478808915962,43.02106654152931
-0.2560014764211447,0.47165003097178637,1.9255495790675494
-0.7966108032853727,-0.8841513784427053,17.723494724888834
0.43366227637744137,-0.4295687649446778,5.450630594091797
-1.0617324641887476,-0.5854752288062512,30.157513121473947
1.3894520282319438,0.40122918357909043,48.20201063606013
-0.4267366587136594,-0.2575054942173163,5.275870497291575
0.21693123383869728,-0.436175660993378,1.3860491812321099
0.5940399676798456,-0.5558242037360364,10.086122572666936
0.5434491703727389,-0.26223242933141644,8.47416711569291
1.2057671146129403,0.006426903522021243,37.80977869251363
-0.6701627711353244,0.8528426940666238,12.7475359389297
-0.07788545494128885,-0.9804091963036778,0.21830459050177017
-0.2788817193552573,0.2876672327312979,2.275251845118898
-0.5630519025103915,-0.5618962933143514,9.09010899764454
0.9935129304019967,0.5217461064933528,26.721267157520437
-0.010966464032327705,-0.5878706986114672,0.01793537149485807
1.0251300786704993,-0.2745410507245911,28.28666363428961
0.6983931439051059,-0.199657611613554,13.768130729519976
0.3544665902457038,-0.12515045036845063,3.656144915443141
1.5184771727444635,0.5427954403280011,55.737313156599825
0.4840232256851338,-0.16141078175811496,6.75544700736138
0.6412079562061535,-0.41349524935143167,11.68634542536236
-0.2784858033404305,-0.3972066789201252,2.271973640849245
0.32997484467630733,0.6657273388944907,3.190697285789963
-1.4105858873072974,-0.4331593322056,49.427691656266894
0.2217941345651553,-0.696867456318258,1.4605788246667755
-0.38737910336666537,0.743930513574915,4.380003475400189
-1.5288073726029379,0.7087936042972567,56.35270776815387
1.2084886174806133,-0.18681592843071138,37.9607895907989
-1.245222123150275,0.4683810667816497,40.001791659576206
-1.0640875363999065,-0.43510929104912544,30.272117625964082
-0.7707533242458562,0.18824897157902742,16.619176806244518
0.4381994793160824,-0.8736721862594017,5.587398281639979
1.5449658753801834,-0.8317883297400006,57.31016634095909
0.9800925721249705,0.8134120023726596,26.079163283007663
-1.0624018338598402,0.17970581898960036,30.178950845714187
-0.4855905155115985,-0.19149731594164887,6.798837860929182
0.1824572295497484,0.6443480400729955,0.9933319416945483
0.19884937428721927,-0.5891268465656292,1.1731433126504756
-0.687118342460206,0.35278299745366093,13.348252624843923
1.3153189067112558,-0.6709257414476018,43.959563018044065
0.7281588803433516,-0.594775508809279,14.926365494630819
0.6702906340382926,-0.9963196141618642,12.763260729112504
-1.2449945406651435,-0.20331215441275208,39.981694741058504
0.24300781481750722,0.35235912525688473,1.7327985486301
-0.7486795841952428,0.323215011352068,15.728162122493517
0.11557156006322211,-0.9719434717796802,0.43161402035955887
0.5156631932947136,-0.5216470002526536,7.657344104392738
1.2412624689046337,-0.8013740194563481,39.798960568374106
1.0062214753095766,0.005931341065592344,27.338667973651873
1.018552930959078,-0.004901130905273998,27.953611435688117
1.435120443546197,0.2219076551571333,50.84876297903138
-1.1330044933338592,-0.9719402456465389,33.911654709072856
0.02885040512998782,-0.4740347927999964,0.033832145813202555
-0.21650101965828106,0.24530851813524568,1.3751901075943322
0.9385900665146121,-0.7296521164160572,24.075731760498137
-0.9194806235694193,-0.20744956983657414,23.155275589839526
-1.2485999465309394,0.6732438388188211,40.19982561018431
-0.8513989937436152,-0.8757156695094281,20.086783176544685
1.3231608014586973,0.7135250278925629,44.40860995379849
0.5618746830883534,-0.4943751874709372,9.050223977978627
-0.6022517498348543,-0.17647930719146077,10.346446813648933
-0.2955775109855152,-0.306631047523205,2.5538338620553294
1.4757719606858197,-0.9032050837072827,53.25496302835229
-0.179626488823579,-0.1818510484217064,0.947440878647554
0.6964013714559485,0.42184698563528533,13.698669620160619
1.123932602376171,0.688144701460023,33.40993722644598
-1.5247958864421962,-0.4966422379146165,56.10640515622109
0.7040181293278396,-0.3368331244116829,13.98457612344934
0.8675732366820958,-0.410928398531359,20.782281787520574
0.32777406294414146,0.8431089325937613,3.1600536706232054
1.220603747613688,-0.654364333273296,38.64481352393815
-0.6478932406087441,-0.43787136874303934,11.923396437300118
-0.8081793662611151,0.05835454662486539,18.180163958093754
-0.8170316711684542,0.22553000308816906,18.56007671014911
-0.5567995844248428,0.8396445024320833,8.911068925792751
0.05673283547945718,0.05198006534504884,0.09471447216963959
1.1817411983370776,0.10060780378286172,36.49673941999685
0.9709518409903461,0.20246443613040377,25.60827802204392
-0.33543026668642795,0.39751654070084386,3.2835808304308234
0.2488260959633588,-0.3352522005894829,1.8155947512558053
-1.0391082112485053,-0.6035917356946663,29.004218796695405
0.9458028637110076,0.46953672948099356,24.40577809311846
-0.948405644908879,-0.6412783935543696,24.537956617703706
-1.5342229282393118,-0.2665843551427629,56.652924693464236
-0.6315086010837571,-0.9456472731272367,11.37755744630195
0.29729589652310473,0.6830833114597727,2.5988735641747507
-1.541857295559841,0.8126702904747891,57.126140503032815
0.7067321045259076,0.6545810987699741,14.101161870579874
-0.3496204919393895,-0.9652017380651432,3.5960539389440243
-1.084184818162491,0.8173411201830827,31.330990481647266
1.490704699830954,0.9709109192671439,54.134923414083396
1.5379236082830552,-0.9787672233760982,56.90734830910341
1.3270307330687836,-0.5223927937030823,44.61948510737267
1.2869685623598657,0.6153075722252113,42.34987538110583
-1.1601265374235485,-0.9167909792154794,35.360678312008474
-1.0169657902156484,-0.9739729566471274,27.913724029732947
1.0863131429411657,0.7476138368750711,31.437124926981284
-1.0940146676250149,0.8088683716714584,31.842639512478925
-0.2203807899278294,-0.9496576983124068,1.4596974711605448
1.550130242325653,-0.7406951430891178,57.60778028224613
-1.0481815569301456,-0.8905417794415293,29.483166415321804
1.5291646281161788,-0.14938761173770776,56.353693045896854
-0.5825605153994999,0.5300029936851154,9.71037117996475
-0.48133679451075495,-0.9687718195820172,6.720147550015386
0.5847723764681789,0.9802704756895464,9.810378596319268
1.5243584826541405,-0.18493525297139302,56.071861093716684
0.8582855987043287,0.5981728083526614,20.375246386310803
-0.667081775617629,0.9830454411940517,12.64519223279601
-0.08419271680682017,0.652972042328311,0.22604180644343416
0.33261733796804194,-0.6835723877365147,3.24224036455447
0.19856645851166643,0.7461782825832315,1.1785974109395845
0.9893492910322728,0.29678984286394594,26.508725441367993
-1.1156275363058048,0.6577613476391695,32.96872826569797
1.4657401399184744,-0.25484532568810514,52.63675897883212
1.2367764720521035,-0.8110529250076013,39.550219473137844
1.5516419667738952,0.15687465260399547,57.674817901691775
0.9982344611525797,-0.9252353434218146,26.97858695746899
-0.23854434494808596,-0.9943798141437159,1.7062416647617415
0.5114904913832716,-0.12190408549224441,7.526083418953571
1.3940728556967534,0.4167342042138438,48.4699006185279
-0.9013054721096073,-0.323236182492725,22.31384794798318
1.192779814405582,-0.25937989973719233,37.10103177180251
0.6564188341185915,-0.6264389913954755,12.236000422386894
1.1737491288931956,-0.3148335438428629,36.066350067024835
0.09941158096854497,0.5252811289776531,0.3018077477680318
-0.34807137539967403,0.7780271755952404,3.5513234798658027
0.09329648106678157,0.2508423028573934,0.2583406383949905
0.7809033041043829,0.7012188340158918,17.056143022171916
-0.06448869584101158,-0.10533329278426451,0.12268840932008024
-0.17372325010073753,-0.9618120900552063,0.9236010108667942
1.401760460105622,0.6525547246065144,48.92569913342397
-0.09663752067222475,0.8162246602600729,0.3021066985335167
-0.27793954100005,0.6111794530608852,2.272142522002509
0.9767267285045849,0.8836478220874147,25.919940255780343
0.5823815659682614,-0.18930169266225394,9.694371848402064
-1.1390328481720684,-0.39043905119399414,34.200133787507035
-1.41098697955618,-0.1754346645209126,49.44443920499269
1.1660431826902138,0.8225779350164728,35.673231586135635
1.436516929651746,-0.07997072195699695,50.928344159582835
0.5505049583059303,0.09505391543039154,8.687460354957135
-0.46170361183120723,-0.8279274972510222,6.185221915899401
-0.10215692810143961,0.2830194903968941,0.3098902784578225
-0.8992060763815559,0.9330955461211408,22.24905537083891
-1.017308566794521,-0.1924735009860934,27.892885835442584
-0.35274794175881596,0.8442635934603939,3.6501972453420004
0.9579031770937045,0.8447312351259737,25.005830407278232
0.8110463345051557,0.11432139186461132,18.30262026885828
-0.7533334962114617,-0.7029389865164613,15.93112949690212
-1.421574917235314,0.9901086440553051,50.099153978238526
0.49031277462033707,-0.16463311392517777,6.928615137432859
1.2041379398653609,0.6004785504715309,37.7353449737127
-0.5844021019881314,-0.2118295607871692,9.760194425997764
1.0343844002756892,-0.3789368571380385,28.755939232488597
0.00993689333337322,0.2821594080033165,0.006220233623657066
-0.8978555412508921,0.9887504051188065,22.19137949768452
0.5895642772642864,0.6712475203976553,9.945212346331106
-0.819197607542456,0.2130129645602019,18.652800579014936
1.01539674747533,-0.9616587522558404,27.834300601722266
-1.4188944469198295,0.8844992937987628,49.93507642716595
-0.8201917729279506,0.7923633375729553,18.71979831668246
1.5111438872073877,-0.8125194865486152,55.322024238887266
0.022829010354210588,-0.13363614154424885,0.016065656844378773
0.12669171306864535,0.7257735678874337,0.4932101830422722
0.6602833455765929,-0.7888918069853499,12.384604882428679
-0.6542466563538734,0.5012809232776028,12.152281482006746
0.2992998748529192,0.8282792225949993,2.6426476911787335
0.4995550516271119,-0.34876886876874846,7.190675597865618
0.9684947542431375,-0.19264890003537483,25.48896229552124
-0.7105941334317595,0.5085557434530932,14.241877609372281
1.0710376858324246,-0.6076525596400328,30.637618793073045
0.11364456961324132,-0.7159867163074094,0.40065498434138175
0.1289349410159537,0.35113229202236007,0.4932125659874965
1.399527520931549,0.9159118820436618,48.813509517676216
-0.6297205900684768,-0.6942078123414579,11.298385314634691
0.6374386350954819,-0.07293584671321018,11.547203331405806
-0.2637838818476532,-0.09826626673921224,2.0342767182680235
-1.4187260032050575,0.43527465123046394,49.900582988345924
-0.8537535210524749,0.2087131027525666,20.160891927858902
-0.8987721250901918,-0.13032689833986222,22.193513691145874
-0.08457082220072776,0.037862065790684074,0.2102098171398397
0.7240138586084086,-0.5206005283404274,14.761096115250915
0.3302685529133067,0.8094827934534412,3.2051317408315594
-0.32533283222579845,0.8797857991491891,3.1166403772980757
0.585798989522734,-0.7365543876852039,9.826292325952874
-1.4629980856881448,0.8818430921309712,52.50613437977425
1.1982929521236003,-0.7642872155928286,37.42418120412989
1.297559841451394,-0.6786354923235374,42.952052661261256
-1.3759381966373494,-0.4523779088380002,47.423238613429255
1.5703305112335295,-0.7491426137528201,58.795993989971336
0.0815449977680931,-0.3495632461563212,0.20048097614672722
-0.4243241897180843,-0.22233807567018626,5.2166098390574085
0.21610460633580986,-0.004908203044357906,1.3676811655864611
-0.05892758277016075,0.3754676544425748,0.10793478401304729
1.120734205685852,0.8285585075013389,33.24934211139485
1.057003455114772,0.8750358615304037,29.932648252229235
1.3429616925265062,0.1896562154293786,45.520422292630414
0.8514215453147105,-0.7325434605123173,20.07818654806246
-0.9982048918867061,0.3426960313802019,26.94634976154748
-0.6930050624079318,-0.8165709374505159,13.591196383772823
-0.1953880398581671,-0.08553345160210424,1.119127326874169
-0.8597958720278256,-0.4018886853418424,20.434311267061265
-0.9018584827477003,0.6208304031474687,22.35105755157047
-0.7757651619910367,-0.7176915496235372,16.844998500062918
-0.627113563462567,0.6643905283894895,11.206581753213843
-1.1113016213606843,-0.8701111068851144,32.75402310045795
1.058414573484777,0.5838471479679261,29.98723731261529
-1.449536359031143,0.5118693204835907,51.69829158557189
1.0174104259201142,0.47139437289334074,27.905696360691003
-0.5626147851480146,0.3596582036340681,9.068628979169837
-0.017847884407554027,0.949973749078683,0.04696712104131516
-0.46878406475203893,-0.27792950180895026,6.346661942931716
-0.30000046316676565,-0.9040006935316571,2.6602732065912598
1.1040651155307462,0.6582718257576969,32.359847142856665
-1.104181198080202,-0.14270586392527518,32.3487363950671
0.5850226946132855,0.9019306628125507,9.812361196232791
-1.3933256783661538,-0.2537311654674297,48.42210009105028
0.4099283528873927,0.33493648598568804,4.876290744135837
1.184264942573472,0.023950286851715408,36.633718657851546
-0.9487415169232122,-0.4853008351939825,24.546682869328546
0.9839375148597482,0.18300356452762978,26.24100471273626
1.318668828309241,-0.2514857350389428,44.134107470246164
1.0155758439887244,-0.17949005443957033,27.80605862297943
0.25973273851494283,-0.45977232558368764,1.9810392419399572
-0.1905867257988667,-0.26612180090743465,1.0676273137676329
-0.8234245122279078,0.5875116316480995,18.847234509740005
-1.3765484288248244,-0.7379624128243276,47.47260761005907
-1.0549700713230974,0.2524777764181638,29.799334663646654
-0.13348348310033198,0.4484468017658252,0.5314465062571945
-0.7090215691195841,-0.49134934185157864,14.180901254524812
0.9964271987207942,-0.30896434312483456,26.8576281905397
0.3712935867835614,0.1147490915996745,4.0072520976101895
1.402321683195495,-0.4435534353029176,48.948684939283154
1.190804239046082,0.035819662261692864,36.99036191181955
-0.0017752528690151426,-0.27177202948658663,0.003170156244952588
-0.1586432103545239,-0.3154068908220309,0.7425239506892588
0.9655405884296058,-0.5621915894972618,25.35759184460713
1.0782330756705378,0.10742956751761934,30.99478523679422
-1.5048233198494692,-0.34799281483669975,54.92864637622591
1.0318436158736564,-0.7969439076787923,28.64810178984213
-1.132209154262792,-0.7210230846400942,33.85160742445494
1.105665110988709,-0.7207230089094159,32.44748663350393
0.9932282096170284,-0.2719103390487896,26.698978054052382
1.0697296752121743,-0.6278378078971667,30.57117735694593
-0.2685906417131889,-0.6398907658348223,2.125284318169138
1.252269120685622,0.02463552421901638,40.385735608250656
0.7432548795561646,-0.6426295410539211,15.52453561208474
0.2615276536142104,-0.8459905218106223,2.0292489399971037
-1.2501636473881261,0.8947454542838964,40.30153397151815
0.2926407660099901,-0.3686901136199139,2.50552219772978
0.7951632875407544,0.059751614467997705,17.63025909025352
0.9604384714321168,0.9098366666597002,25.13264033715938
0.850085427149144,-0.015806097929368157,19.99677534215974
1.5643126455454812,0.7670507997563012,58.44327750235956
-1.5427296043269745,0.1946273897130777,57.151471707413975
0.9793315157610114,0.7088444885719349,26.035373170409
0.7303936924436889,-0.950734450543333,15.036848312819274
1.022105559604221,0.44109228903518827,28.1397538283504
-1.382423495457988,0.952602414693482,47.82687783565629
-0.5358394769256773,0.86213094373611,8.272358380493671
-1.3402294407954913,0.2026495103833006,45.36417976803621
-1.0106240065374845,-0.37052999201335357,27.56338779175031
1.0689461892040675,0.7553449776813277,30.53812885266468
1.396693286371622,0.641569512602024,48.63153177951491
-1.0217627219359326,-0.5991143474559266,28.129404915614295
-0.6925119746530946,-0.9845128916727857,13.585282522335339
0.06158046807794326,-0.23952630002395758,0.11384463677587464
0.037964910977131616,-0.6956741710442151,0.0625352501340065
-1.250196925092388,-0.7476530224963278,40.29332497238011
-1.0424080270703509,-0.20562414142307572,29.1582063089503
-1.3229822737767216,-0.9494712816146877,44.41478205596891
-0.05119074836226534,-0.1429292305478045,0.07787686180870855
-0.6564784183878397,0.30966224169886214,12.225783038650302
-0.3606330059158105,0.3155886113263666,3.78653954306617
-1.561878237661445,-0.5327512362632747,58.28744930482196
0.09294223003091928,-0.01841277585982226,0.25379614993230776
1.440812719707114,-0.7778803258289246,51.20368059309449
-0.06413588250214519,-0.42021979232877715,0.12825054192700183
1.553406060981818,-0.6990459417785484,57.797864960646464
-0.5741118297599046,-0.28747466460136284,9.43055403632082
0.7311981742112583,0.046368598684488394,15.030848896680324
1.4286458164460054,0.5894209920800975,50.48414682013961
-0.9512739568621966,0.7645717903237648,24.68235103076977
-0.6993056592504969,-0.7874050181486381,13.826822214007501
1.4248075718969497,0.9187868978114833,50.28149434486625
0.36658080188097,0.8247113404594764,3.935109839277345
0.7385700955616397,-0.08948012408331207,15.321733733123338
-0.6419097789137755,-0.18512475146545926,11.705345431520382
-0.6141434302084369,-0.9405122674071817,10.781536481541181
1.5070010204990498,0.019846319349290376,55.05139632384428
0.3539924905302252,-0.1995049650014462,3.647481075210141
-1.0121910100604752,-0.9244072218351347,27.67136844821202
1.5549442808245848,-0.03039203561009618,57.86797722045234
0.39731897751827217,0.4441258829669408,4.58863741378554
-1.26541443434129,0.49922599291167624,41.13172813029029
-0.23491934188686558,0.9021982657476708,1.6489676831920255
-1.2877654661341926,-0.3486336572584363,42.38415303816151
-0.28861249796497424,-0.8451278218392908,2.461744960336565
0.3883170238468967,-0.8619554829749598,4.408758222321324
-1.5460072604370925,0.2174668084212028,57.34452266747776
0.9974262038787409,-0.6565951120035962,26.920945442277205
0.09839479376101945,0.6973018457043492,0.304667149964835
1.523519603643495,0.4810117185999532,56.03080461746451
1.464144472432897,-0.9206249607951027,52.5760674167672
-1.4679184963686196,0.1840545640100677,52.762860093489216
-1.4058551868798248,-0.34441231368307035,49.15031941518538
1.0670644699573044,0.5064554961575263,30.428091723985993
1.1927070228105934,-0.9956911511202899,37.13555899045798
-0.26947407917481603,-0.6339443793236412,2.1387759179561696
1.4832979400211013,-0.7408174345857852,53.68452431936576
1.0327618328365786,0.7569877972014363,28.69186519142265
0.8839128000585186,0.17968716729636003,21.514470301869846
-1.1107100412329785,-0.8606183166689472,32.72216619897593
-0.02665434622630425,-0.35045947131929767,0.026003692792503398
-1.208664214896458,0.33358168523171194,37.97362710333526
0.7808748119015845,0.017051510263634384,17.03448801806922
0.9496646690596742,0.04831611950482495,24.58109504437126
0.9988870914149386,0.8503186704916494,27.005305803539017
0.783012274870293,-0.28874797936456553,17.12651349154247
-0.40655894783826785,-0.17249945434484037,4.794202715081073
0.46424882240229204,0.3641196270115752,6.229024572594814
0.3504203878308798,0.27550528704442123,3.5765280207132784
-0.9149030105488175,-0.206230482832104,22.941566490360124
-0.1567162957850985,-0.29350522228752407,0.7241766959773841
-0.9319900984291348,0.6734891997687502,23.760134670029252
-1.4656257184359571,-0.09101055800562152,52.6277071621817
-1.2578651111905035,0.09874282876379059,40.6988958204982
-0.9128526858474416,-0.8787212288696968,22.876499269684864
0.7492181593812837,-0.9787969620110324,15.785289689061026
-0.02667011444464018,0.49776837261671414,0.03123472330603218
0.6772012358445423,-0.5516966309411224,12.988106599946153
-1.514420460449222,0.603954850022254,55.50205309825297
-0.1329429906082764,0.7344931931097995,0.5413243605868459
1.044494837174116,0.24198353410085605,29.264918983297616
-1.5263399982229586,0.12365167768642493,56.18746591427554
-1.3578422451923524,-0.5278769028162615,46.38433823518002
0.2867583625268806,-0.16292853969228616,2.4021574647736386
1.2065386284713058,0.09010910350747858,37.852497598345835
-0.42601016705343264,-0.450634516640968,5.263902097938645
-1.4245892274016065,0.4953730811156454,50.24384350995463
-1.5429210857382003,0.9491379221807008,57.198684034174775
0.5106606015486119,0.7743413195513562,7.526580116266496
-1.0533330899846391,0.07050580333727496,29.713194253374265
0.5340668735524039,-0.4001323911545016,8.194923831336519
0.3209302028087557,0.6432852453835494,3.0194294005242
0.9985514356961693,-0.9166314949342664,26.993593879200983
0.8812819397620903,-0.4845813652848463,21.40342441827985
-0.8807991433475347,-0.026874989552747808,21.37177150846828
1.1617385986692996,-0.6060435132523943,35.427899226435606
-1.1326560659710652,-0.5470032449398787,33.86620690199793
0.16523809794918365,0.5896370012442635,0.8153882332168949
-1.3229037965514934,-0.9893681153651768,44.413531671796044
1.4791938017426323,0.7658243551051815,53.44573798397893
-0.4822903197506083,-0.2060752268947239,6.708792908057937
-1.2935455206216846,-0.14920906378057341,42.70663382373723
1.2382996823938321,0.10008507609690787,39.60786527211459
0.9637843323940696,-0.4267393213909605,25.267139108009555
1.4220075748662437,0.5913381349353624,50.09803591920973
-0.7764425965070505,-0.7608359793701023,16.875559717534735
-0.4933891628613216,0.8377982811650138,7.0421594137170835
0.2395939781747909,0.636289087396827,1.696526179444666
-0.6979696684477738,0.6826478756774728,13.769880180665949
0.6777496121725273,-0.8357824189802587,13.024741833764242
-0.4420338312402392,0.34067419860106396,5.6564857768959
-1.3689642313441257,0.238397031335021,47.01505122083723
-0.4090302814010238,0.777741192158514,4.87579588103728
0.11582856480457382,0.4425823798469488,0.40215877779840137
-0.3679427941673623,0.5172343459248685,3.9466729113799284
1.3783502667711711,-0.5247270097587107,47.565362743877664
0.12113514619153709,-0.7000823652416428,0.45130167514229486
0.912694156041225,-0.2153296804082392,22.838883025174724
0.409531395433236,-0.2123976055808825,4.864197976388323
1.2762491235790998,-0.5363560984886162,41.74195947371411
1.3826877316540158,-0.1685181113067704,47.80551325223112
0.11348579870137288,-0.46059102742948443,0.38707651115126246
1.1772488641434449,0.765257618468334,36.27653553551412
0.1974525563880143,-0.9776260236796834,1.1823366527027077
0.263150632134068,0.6925240992637975,2.0441601531002003
-0.9489528972516347,-0.18217674881664636,24.548354246706584
0.5105969747910564,-0.576126211441284,7.513598207625291
1.2302126702963694,-0.6158637567285614,39.17441159817514
-0.10137260062163045,0.005636583706176701,0.3018689636338746
-1.258230111902224,-0.0829796309666686,40.71919741449422
-0.026652095450560243,-0.40910837881215745,0.02785632513063385
-0.5981631300881989,0.4716570661654125,10.218631055796703
-0.7015147059041317,-0.8516225736724852,13.91492722527151
-0.5810037136077526,0.1266672995908904,9.649032953809444
-0.38175242513746244,-0.6020960418249761,4.247928849064671
-1.3434429603555806,-0.038173222950006025,45.54655306842022
-1.4542529585199886,0.23379633292672297,51.965029693334195
-0.7147209377964764,0.985864050677757,14.430258209845972
0.9294611842956186,0.3802102120798374,23.627993056467975
-1.5692976201742495,-0.10244875611662141,58.712313406513374
1.43721245962515,0.9233524081897535,51.00413275040969
0.9357160902714874,-0.5068154106966634,23.928066591820773
0.32166414586035796,-0.13509913505578375,3.016576076589594
1.5004210255712152,0.8148764329878753,54.69301484861636
1.070041183372496,0.27229691561958513,30.573908970707194
1.3858009196694083,-0.08186650292119446,47.984488536612155
0.49889532268906134,0.4847258149707787,7.176825717241771
-1.3493235802363128,0.6554427160341638,45.901502047157564
0.9772984517619401,0.050195895304322,25.91537354838333
0.6683885487856434,-0.509587592530131,12.663325401411665
1.1730749648012697,0.9622310617832812,36.06424686037383
-0.48861889451271434,0.14005593599477284,6.881475666682274
0.07155362404935306,-0.3806684437676484,0.15649932109781425
1.2091662905639127,0.040474073285200474,37.99666880880226
-1.0894997761104572,-0.3922342352034196,31.58619564830157
-0.6307981467925883,0.46980888151615363,11.324843495647805
0.9671910716640566,-0.8980659511326885,25.45788174318843
0.10752479342224919,0.39124924781234127,0.345961287167461
0.7038832463486915,0.49665592539347836,13.984993270821533
0.5153718608447138,0.07859883662757827,7.637818354324638
0.8417970606955256,0.8031393808958069,19.658809870233572
-1.1232819429016923,-0.8974405361595938,33.3892679299965
-0.3649797288921399,0.984426066655872,3.913476337282278
-1.3985265246885044,0.7713896387039014,48.74535658532527
0.5663180505627081,-0.4491908498268915,9.188136065818407
-1.3895207971762522,-0.23215099233215586,48.201525852816744
1.3078356874846309,0.3851038222412624,43.521674846892225
1.3488693492064292,0.5185359986375386,45.868750059369944
-0.5836670214657058,0.6856535611391288,9.754080370239693
-1.300698462340447,-0.8185251236744209,43.13856161981431
1.015452966493747,-0.4384498816944993,27.806586566181302
-1.232167101957797,-0.5610673676396076,39.28008142107775
-0.42510595879094715,0.213000493736081,5.235382100656096
-0.9579587361433258,0.4036196000880752,24.98555846580126
0.6127059283080616,-0.4437333966484234,10.704225152837447
0.7010960690843553,-0.5798364836323788,13.882834255152664
1.4501234169224224,-0.07222431542949503,51.72185859696592
1.0655953050104476,-0.15890504155110352,30.342830567871257
0.8424631950670172,0.12087567595829207,19.66176461588108
1.2538654128940738,-0.8397555397471119,40.504257140379835
-0.0770453702029843,0.8353539497186473,0.20350744349989355
0.7885901350577509,-0.552918716126463,17.367786559324
-0.7505828676773662,-0.1473926889324395,15.800968554826895
0.15085727012641437,0.9542159605533089,0.7057534512290681
0.9009995466319216,0.9113797104790051,22.329999731134848
-0.4419978306256749,-0.10425025062493076,5.651197324152466
-0.3145869802733101,-0.14002611026806333,2.8864705933445673
0.06550985546704635,-0.49425338492941173,0.13630479456288927
0.3247769206221449,0.3843549258776169,3.080105641332072
1.484074487280194,0.9176366423978088,53.7422307705727
1.093875673239899,0.22731201396874012,31.810270150000218
-1.551263663470392,0.4529285206263869,57.66010010353424
-0.7034034028575169,-0.30795514837627835,13.960412017277013
-1.3813984135160018,0.3718492638744435,47.73562591476844
1.3147536695391593,-0.4499849138766847,43.91708923953608
-1.0096178324490919,-0.1250628863377572,27.508214023178386
0.6070959565808209,0.6379722957498526,10.524037048292898
-1.3967895061539,-0.006905504771121285,48.61995552842407
-1.5291139295899716,-0.6386755644499025,56.366780801145026
-0.9466640547302074,0.6385000831314724,24.454657349692376
0.47009538535149353,0.6682246560811493,6.396930151812949
0.27043442671582407,-0.580258053765871,2.151119248461458
-1.5198232245773695,0.5494212947976038,55.81665700166253
-1.121213579363914,-0.6971394835178171,33.266370939511496
-0.2100078472760738,-0.015345701693803449,1.2918882156296452
0.3540297352284034,-0.3130842320927283,3.6506660757615577
0.9704578686932783,0.9784593107682982,25.622490127259177
0.7533057801799026,-0.27685783348954174,15.912619969462465
-0.8731393209265667,0.043869167606549686,21.025554875540855
-1.4897805864727887,0.3498980686436348,54.04658511183823
-0.7419062506924098,0.34354581355709346,15.458624523064104
1.3243750869755915,0.5027876315270514,44.46716236544279
-0.4820398485753805,-0.8504271410720725,6.730328664955118
0.8753939605451104,0.149211950223183,21.12809539283891
-1.0740810917827732,-0.2179510460804588,30.78140934974296
-1.2375175676394419,0.6445165731194089,39.58129258818808
0.8039473468939367,0.5999247305383897,18.015461670174663
1.5166214173012946,-0.19574050040411217,55.617669714996204
1.0733638731641002,-0.10257877441564234,30.742799691635444
-0.373240724095133,0.1555913099619397,4.049355999382458
-0.30090437577145823,-0.36698083067196907,2.647563830149846
0.9128064313151203,-0.7753237308411325,22.867221284634645
0.3759773908182664,-0.7374107391288671,4.12988513172599
0.6113080892348086,-0.46345194815316937,10.657749730730757
-0.8413069110204051,-0.04734953831662758,19.610535876346322
-0.488390938657997,0.8979138049926418,6.907961575567754
-1.423981950642608,0.5916566914588473,50.21287915847621
0.40744168398139524,-0.9819900867677545,4.853689118375692
-0.7818328262473232,-0.8348184346969598,17.10318509474382
-0.8664730051062037,0.550491422265923,20.73854976702026
1.3746180491484798,0.049465187707990355,47.338667962633345
0.887024052117606,-0.15454423363383563,21.655755612789033
-0.4992376171865964,-0.1324567272192838,7.17739965132105
1.4376828021983927,0.09814172827241863,50.996420540621
0.023737369803519037,0.528426717019651,0.028199809419911393
0.7586867556094901,0.1490735116884021,16.127407623417668
0.33431728514252357,0.7523986752768437,3.279076404028255
-1.4326391058671846,0.9539773309128845,50.74009368737323
-1.4849652457856373,-0.9602110401938928,53.79774373033044
0.6294991347693668,-0.20612766885795852,11.272408001586022
1.1495695280007965,-0.6971613502828475,34.778088460770455
1.070996202689337,0.6121862032355065,30.635708357769573
-0.060300799749447576,0.684612254229255,0.12640040614135484
-1.1991041325306595,0.20825459630815524,37.446082646193155
1.050328720193034,0.16766304425735545,29.560761456109184
-0.5731121873075847,0.4392581103354687,9.403252564998487
0.7524930348780803,-0.7294389200210989,15.898919886915158
-1.3420180728987487,0.6320510370074728,45.48152385781215
0.5774295024694935,-0.47649800366757256,9.542787980309878
-0.9525194644527737,-0.7053133501985125,24.738373596736785
0.18711541649597674,0.13884660564794293,1.0271614949355958
-1.0186151266420218,-0.34455368187495106,27.961670522657762
-1.5099813737182026,-0.7712812612478324,55.251071032340555
0.7790704587110087,-0.7218052955384044,16.981571320502706
-1.482040378025393,0.4336001601833366,53.59583324432369
1.4721321019113724,0.23998898012062453,53.01035128074187
-1.0924020504348302,0.6950818085023347,31.751297227139176
1.0964361707062875,0.5081435208711518,31.952721253291845
-0.3976476107695337,0.2815978080215906,4.591202971892092
0.45566738638699134,0.7552614927779213,6.023276321774251
1.3008333238017724,0.6435106898889715,43.13554256077274
-0.46203027627235627,0.8111365564098436,6.192634604434667
-1.418308873861411,-0.41764347695778303,49.87571303179512
1.0708528303411264,-0.31015935343999734,30.616702347206495
-1.5589438080134506,0.870386819650909,58.13465376386134
0.5016295064781633,-0.5061745778841089,7.254825527617416
-0.9839128504694027,0.04357992859347459,26.238480813310602
0.2573403515105903,0.8778626774305351,1.9683762894475518
-1.0208327976947098,0.441934956196828,28.07595695976198
-0.96551955997813,0.4200543606165994,25.350757792069132
-1.1005326679330856,0.628728701129869,32.17293606066803
-1.1416964133481058,-0.9415749191562588,34.373053972117795
-1.0575151881427922,0.2785948299826968,29.9301872337506
-0.10490430767626457,0.23828637421697385,0.32561370856010563
0.2755244999610629,-0.2376808151247678,2.2201346733724
-0.24998537099716445,0.022589694163829277,1.8277580585066666
0.9650730822555991,-0.8639743079065727,25.35292245114461
-1.5309417757826198,0.8718777673910512,56.48884651919081
-0.9714759551638408,0.6761486662257103,25.651061456032487
-1.4973047470495322,-0.5887786966825046,54.49702814551121
0.7894766216960836,0.9573747453131762,17.43023050651291
0.5577169755503775,-0.3771224218041991,8.916147843609604
-1.4292714579799537,0.3946749029423622,50.51257974750599
0.9496327325484075,-0.7335895723326593,24.60189374272733
-1.0620222368866634,-0.925603854439208,30.19380753150654
0.1063953708033969,-0.9683678967613436,0.3715657831556367
0.3691737883385129,-0.6381032279345435,3.9785687186712186
-0.9518426224396144,0.9608239000258576,24.723688772376313
0.5387802916210824,-0.19833350216379864,8.331532823421115
-1.0235261129716338,-0.6141052716771478,28.218658760946585
0.5155403536151093,-0.21959507503258613,7.644453856406433
0.8806406893349936,0.10701011805280047,21.365033226062085
0.5424278951647623,0.8347594210697531,8.469310586630419
-1.3227937640466212,-0.4436162199771547,44.374674042389685
1.5394985937780228,-0.567302260099146,56.97340338930923
-0.3465800778470005,0.8944832295029554,3.5295913323899515
1.278168492227402,0.08256504545716226,41.83828677480179
0.5181930213775572,0.32620175459926215,7.723955535161317
0.8514306653369221,0.05187886544480458,20.056342910951255
0.4733986101619623,-0.7300587865787489,6.488799002060467
0.6971535851724737,0.9856918326908692,13.760122375226397
0.21606631846827717,0.07967474395660346,1.3674619625922833
0.5861035141204929,0.3100141615350662,9.817594080520285
-0.44603978980479986,0.33079007812756234,5.757398853733673
-0.6588706043960113,0.48568900706637663,12.317599183826802
-1.2938695909418607,0.8988783982067452,42.75770060278886
-1.3434972585924443,0.34150987367493046,45.55446248850038
-0.6730365616352475,0.11770158542780162,12.822952535656325
-0.3342869695018973,0.5257514025039081,3.266421143799312
0.17562917279572132,0.025483344519234397,0.9045592241110588
-0.9810324979985057,-0.24090584183858765,26.09993007849616
0.28840426262601127,0.5092579085265723,2.439307139196521
-1.3111428585870164,0.01441234527866575,43.70336434002443
0.0031564436893278813,-0.6534207698232861,0.018082861912517022
0.1352627583471897,-0.21794321657424054,0.5390623177354904
0.23815411978252965,-0.9359238667930978,1.6961227479843437
-1.2109757610730798,-0.11201252668696382,38.09667260031247
-0.6055356073932979,-0.27807656523448454,10.458017966700535
-1.3621004342491478,0.12173891077812149,46.61818270147801
-0.3458332253518921,-0.24401953176213076,3.4838331471618993
-0.028219993587247583,0.7849381723582829,0.04908366383302444
1.5160226470974512,-0.6399805366644495,55.597983450782756
1.0161595830510226,-0.9664607102492118,27.872808009069995
0.2864758794180233,0.7229238230856267,2.4181313812144603
0.7047725846167552,0.8289338067622218,14.037206859229174
1.049351877392211,0.3550845432154257,29.515024913984753
0.5935955652074627,-0.966491899517971,10.097550173290836
-1.4969508068645876,-0.871633984851812,54.493484804030516
1.2451962097694746,-0.18085514294799077,39.99256999360941
-0.904548870770687,0.08056008973835738,22.459500982967878
-1.0336222645736588,0.14793498977467068,28.712357362406998
-0.05570133344966188,-0.15647701654743473,0.09221420185183499
-1.4785590587811894,0.8086075036062124,53.41137929433718
1.5356119721941845,-0.4268649850892272,56.739179010768446
1.0715672091453632,0.28660950236409666,30.652988369898736
0.09896175198787116,-0.25171978040582577,0.2903320065022652
-0.447816099592355,-0.1927258237843441,5.799528943969256
0.915095848723491,-0.7530316333329876,22.972408496700762
1.300642805646869,0.5231775327104782,43.11889648619253
-0.9986766389338079,-0.6321899529237325,26.981427012926474
-0.9657638875865903,0.07469859496195674,25.35545356714446
-0.29753946282713084,0.3307256113473811,2.588186262515057
-1.3986568248255702,-0.047700972352022974,48.728206304886065
0.10823995338241943,-0.7474274188125365,0.3673879215301704
-0.9542507493908747,0.15205127225051784,24.80161442463836
-0.10967070643232324,0.9017102755210813,0.38713742327058676
-0.5573769893260179,0.19608543748576146,8.901246553760693
1.4078814113827622,0.8296668630193216,49.29160279771417
0.24473180157017116,0.5625553112023045,1.7652884001898006
1.0605470908666605,0.4144359280669099,30.089545188301162
0.8348847656720126,0.10240373346417697,19.33016659921141
-0.8605159661900995,-0.6784061414771396,20.4788504743876
0.7481020467446791,-0.2557570420363424,15.703426883728392
-1.3525742427565424,-0.39397376183853083,46.076607437769226
-1.210183521814256,0.7899408515090407,38.078556140304336
1.5298512005096114,-0.8165468051171081,56.42088043073514
0.07965578258550576,0.7867313337297244,0.21223509429376983
0.2235703431982472,-0.43580425120635535,1.4713234702813078
0.23130577518817774,-0.7255673525701507,1.5879041284553999
-0.9320687422819975,-0.6530197212310653,23.762715797921246
-0.7411251150652716,-0.6973348651696638,15.442946424761653
0.36051902868395946,-0.6252952360649813,3.7963166192007383
1.1985800680103615,0.9443903800081919,37.452729116831705
0.5840863260629483,-0.5276457240087369,9.759683858150657
0.5070410287190974,0.9920069542569432,7.438914226427785
-0.06928101343954585,-0.5929546998228641,0.1557092169213452
0.9547052601915715,-0.6616431189905754,24.840699708006117
0.6924973913164982,0.672539511046941,13.563195193505955
-0.385024979922302,0.7876308535637582,4.3306522361055055
1.062408984863092,-0.13304924946972552,30.17871014298797
0.46181342415233306,-0.8909630097829753,6.192613274019856
0.5826069955154791,0.3758537915633935,9.706056635406362
0.15190658978537663,-0.07687811895169427,0.6773656711852382
-0.8283888549432443,0.4577311397804311,19.056178578691803
1.4803384282775434,-0.9375419349911054,53.52495076967717
-1.4324316447697945,0.7194475910620102,50.711658555445716
0.8400030038265967,0.27601534433225927,19.55649171623155
-1.2740396740995028,0.8269731146582886,41.63418920843585
-0.1670778217648723,-0.2077714922409808,0.8205922847808277
-1.3081234622929931,-0.574465781650435,43.54558604955909
-1.379321489634046,-0.15789655921480805,47.61098806410129
0.6767885402551208,0.2789410091472784,12.96346472064907
1.3299922294029045,0.9441737437247548,44.814308665802
1.0223398544903652,-0.36387512021480917,28.148919037387582
0.0454209435017896,-0.9600249610410205,0.0990455958670521
-0.16154735909451845,0.261415677569967,0.7684481703888393
0.8457938270832623,-0.868259603352757,19.838937402243914
-0.5532185426804035,0.6637633830821583,8.789093868683926
0.8188855140417455,0.6024250259257062,18.65262614695926
0.812872957244664,-0.3720773747013397,18.38578143922438
0.009532390852408534,0.3899261090895685,0.009006552919688576
0.5794067487682297,0.40762259788409083,9.6038112019709
1.5271776000864894,0.8997270588445101,56.26976161393947
-0.2868797636397382,-0.7500979581249763,2.426514484645855
1.107612851611239,0.2603506498005841,32.531077558981764
0.3902681095872862,0.039990032595440095,4.4214094793768135
0.339498719450654,-0.12158030514108376,3.356818908384644
-0.7723563939183112,-0.9802112619403127,16.723457343290534
0.4369861148752374,-0.7362001613751752,5.5479434021912315
0.039929825545948816,-0.053822004063445394,0.04698956703013463
-0.9554621985973,0.7900861561668064,24.88480368863949
-0.4423966867060194,0.9641259028255134,5.699511313234699
-0.24865743984905864,0.6869933956347256,1.8281352551409642
1.196118919328208,-0.0402021905888148,37.2808940312858
1.293304451491624,-0.7281387396135786,42.714164187616994
0.7599750468311117,-0.9928052216822256,16.21970102291644
0.9769704943711641,0.5444903893848836,25.911637093842966
-0.8775653926523442,-0.47497770395472827,21.234688964656414
-1.1562318403348948,0.8431127196680073,35.14548711323884
0.7628392400520814,-0.267073216244313,16.29779979103242
0.2047549847702932,-0.5688531169262825,1.2417661453389455
0.22293018985992763,0.7043007351623269,1.4757444921836713
1.1035357576439146,-0.19699542792271263,32.31561564048363
-1.03314935412347,0.8136384106608947,28.715141780326775
-1.461432544164307,-0.6311238790415061,52.398817252417075
-0.9551872084944278,-0.8338644050205679,24.87456357663964
-0.8992149258630546,0.046786459650125956,22.21327612222922
-0.7450412835626867,-0.40126670992134605,15.585186092591249
0.5674510800440871,0.81793802401334,9.243381343730587
-0.9264985372209651,0.30412295412333723,23.48638911828915
0.21773604287720616,0.9475131114724971,1.4257337319819856
-0.41023905490472545,0.9693000804100693,4.918047792934263
-0.7578826031332142,0.9160178379692876,16.128927459778463
-0.23127671719048437,-0.34341189257977245,1.5704909452743856
-0.25671098859871533,-0.7942746479896134,1.9531452625501202
-0.16527997546590023,-0.8565738319400631,0.8318786060138775
-1.261139777770927,0.212456046176571,40.883666264605615
1.4638611538392143,0.9633900476993869,52.56286027682387
-0.09770415762387885,0.6173663173916857,0.29631310039299785
-0.8047851862249191,-0.7966156164108353,18.06239699157427
-0.3870234239402337,-0.2902030073610955,4.352555784617745
1.2436885043464128,0.6479442204462644,39.924726382161026
0.6907110762442144,-0.030601109784635705,13.477399235086004
-0.4930206505541288,0.4995657563551892,7.0130529233015855
-0.2599138009663271,0.5187004851107533,1.9861769079243103
0.8200690414787126,-0.866188354195135,18.719623056220183
-1.290173456514309,0.8085238391586667,42.542330532035535
0.8084245117852986,0.043092315309144924,18.190522832213524
-0.221083755635211,0.04179072258669536,1.4312430907008444
-1.5153553610932293,-0.689426830447206,55.561545524096616
1.5699937001663549,-0.10899645100344313,58.753300568739405
0.019798873878269285,0.5953120700119836,0.026290807694173406
-1.3148298378191536,0.6963786519461599,43.93319100459106
-1.474483123284792,0.08228372574164755,53.14581723497352
1.4296581729178883,0.26715955996953067,50.53157544523852
1.4973370174285594,-0.7196210442652682,54.50605361138259
-1.4489571682576918,-0.5091749824495029,51.66437181217234
-1.3604988369788495,-0.45871996355940814,46.53421798943805
0.6332324263384863,0.86650308322171,11.431491797165652
0.5167625709431007,-0.6040587988751325,7.6931169212350055
